"","id","longer_leave","length_illparent","length_illchild","length_own","prop_pay","unaffordable","take_bond","take_matdis","take_illparent","take_illchild","take_illspouse","take_own","emp_size","num_emp","paid_hrly","nochildren","lnfaminc","faminc","lnearn","fem_cu6","fem_c617","fem_cu6and617","fem_nochild","age","a_age","widowed","divorced","hiemp","separated","nevermarried","male","female","agesq","ltHS","someCol","BA","GradSch","black","white","asian","other","hisp","OCC","occ_1","occ_2","occ_3","occ_4","occ_5","occ_6","occ_7","occ_8","occ_9","occ_10","ind_1","ind_2","ind_3","ind_4","ind_5","ind_6","ind_7","ind_8","ind_9","ind_10","ind_11","ind_12","ind_13","weeks_worked","WAGP","WKHP","PWGTP","PWGTP1","PWGTP2","PWGTP3","PWGTP4","PWGTP5","PWGTP6","PWGTP7","PWGTP8","PWGTP9","PWGTP10","PWGTP11","PWGTP12","PWGTP13","PWGTP14","PWGTP15","PWGTP16","PWGTP17","PWGTP18","PWGTP19","PWGTP20","PWGTP21","PWGTP22","PWGTP23","PWGTP24","PWGTP25","PWGTP26","PWGTP27","PWGTP28","PWGTP29","PWGTP30","PWGTP31","PWGTP32","PWGTP33","PWGTP34","PWGTP35","PWGTP36","PWGTP37","PWGTP38","PWGTP39","PWGTP40","PWGTP41","PWGTP42","PWGTP43","PWGTP44","PWGTP45","PWGTP46","PWGTP47","PWGTP48","PWGTP49","PWGTP50","PWGTP51","PWGTP52","PWGTP53","PWGTP54","PWGTP55","PWGTP56","PWGTP57","PWGTP58","PWGTP59","PWGTP60","PWGTP61","PWGTP62","PWGTP63","PWGTP64","PWGTP65","PWGTP66","PWGTP67","PWGTP68","PWGTP69","PWGTP70","PWGTP71","PWGTP72","PWGTP73","PWGTP74","PWGTP75","PWGTP76","PWGTP77","PWGTP78","PWGTP79","PWGTP80","FER","WKW","COW","ESR","partner","ndep_kid","ndep_old","empgov_fed","empgov_st","wkhours","empgov_loc","weeks_worked_cat","length_illspouse","length_matdis","length_bond","pay_schedule","total_length","total_leaves","exhausted_by","eligworker","benefit_prop","benefit_prop_temp","particip","orig_len_own","orig_len_illspouse","orig_len_illchild","orig_len_illparent","orig_len_matdis","orig_len_bond","extend_flag","fmla_constrain_flag","particip_length","plen_own","plen_illspouse","plen_illchild","plen_illparent","plen_matdis","plen_bond","DI_plen","PFL_plen","base_benefits","base_leave_pay","actual_leave_pay","actual_benefits","bene_effect_flg","topoff_flg","reduce","ptake_PFL","ptake_DI","bene_DI","bene_PFL","bene_own","ptake_own","bene_illspouse","ptake_illspouse","bene_illchild","ptake_illchild","bene_illparent","ptake_illparent","bene_matdis","ptake_matdis","bene_bond","ptake_bond"
"1",5,1,0,0,0,0.125,1,0,0,0,0,0,0,504,1,1,0,11.0946998752692,65821.372543755,10.6091920594875,NA,NA,NA,NA,31,31,0,0,1,0,0,1,0,961,0,1,0,0,0,1,0,0,0,1920,0,1,0,0,0,0,0,0,0,0,0,0,0,1,0,0,0,0,0,0,0,0,0,52,40000,40,37,40,40,71,12,60,60,40,40,13,10,49,37,42,36,68,44,37,38,12,68,41,39,13,58,10,11,35,34,56,57,10,40,41,40,10,41,32,38,66,67,38,30,12,67,10,12,38,37,76,64,11,36,31,37,12,37,43,42,63,8,38,36,61,12,67,64,38,38,13,13,80,41,32,34,67,33,35,33,11,12,NA,1,1,1,0,1,0,0,0,40,0,51,0,0,0,"some pay, all weeks",0,0,NA,1,0.5,0.7,0,0,0,0,0,0,0,0,0,0,0,0,0,0,0,0,0,0,0,0,0,0,0,0,0,0,0,0,0,0,0,0,0,0,0,0,0,0,0,0,0
"2",7,1,1,0,0,1,0,0,0,1,0,0,0,91923,1,1,0,11.2187129449874,7900,8.98717536484654,0,0,0,1,69,69,1,0,1,0,0,0,1,4761,0,0,0,1,0,1,0,0,0,9620,0,0,0,0,0,0,0,0,0,1,0,0,0,0,1,0,0,0,0,0,0,0,0,20,7900,15,21,6,36,34,5,19,33,6,5,23,22,32,18,21,22,23,34,23,22,5,21,36,8,6,41,18,6,34,30,18,21,7,20,17,21,26,6,23,21,33,22,6,28,37,6,19,36,6,5,20,18,33,21,24,20,21,35,20,22,6,24,32,6,6,40,21,7,31,34,24,22,7,22,21,19,22,6,19,18,33,22,NA,5,1,1,0,0,1,0,0,15,0,20,0,0,0,"all pay, all weeks",1,1,NA,0,0.4,0.7,0,0,0,0,1,0,0,0,0,0,0,0,0,0,0,0,0,0,0,79,79,0,0,0,0,0,0,0,0,0,0,0,0,0,0,0,0,0,0,0,0
"3",9,1,0,0,45,0.125,1,0,0,0,0,0,1,218,2,0,0,8.14408803699568,3442.96410228872,6.92031260537356,0,0,0,1,19,19,0,0,0,0,1,0,1,361,0,1,0,0,0,0,0,0,1,2550,0,1,0,0,0,0,0,0,0,0,0,0,0,0,0,0,0,0,0,1,0,0,0,12,1000,10,22,6,36,30,7,21,40,7,9,21,22,33,23,22,22,26,56,22,23,7,23,37,8,8,32,17,6,40,45,21,33,7,30,16,19,24,6,23,23,37,19,30,8,6,36,21,7,38,47,20,21,9,19,24,28,18,8,22,26,33,18,5,36,46,9,26,36,7,6,27,35,41,26,26,23,18,34,26,19,7,20,2,6,2,1,0,2,0,0,0,10,0,7.5,0,0,0,"some pay, all weeks",45,1,NA,0,0.4,0.7,0,45,0,0,0,0,0,0,0,0,0,0,0,0,0,0,0,0,0,93.75,93.75,0,0,0,0,0,0,0,0,0,0,0,0,0,0,0,0,0,0,0,0
"4",18,0,0,0,0,1,1,0,0,0,0,0,0,28301,1,1,0,11.5354331222148,102276.286567989,11.2378007189099,NA,NA,NA,NA,34,34,0,0,1,0,0,1,0,1156,0,1,0,0,0,1,0,0,0,7200,0,0,0,0,0,0,0,1,0,0,0,0,0,0,1,0,0,0,0,0,0,0,0,52,75000,55,23,24,42,25,27,33,24,42,7,7,22,18,22,36,21,6,21,7,7,38,22,27,7,27,22,6,25,8,47,35,19,24,24,7,24,41,22,39,32,8,22,23,8,23,24,5,23,6,40,41,21,24,24,7,21,35,32,45,44,7,20,24,39,22,23,40,23,42,7,6,23,23,23,38,25,7,27,7,7,41,23,NA,1,1,1,0,2,0,0,0,55,0,51,0,0,0,"all pay, all weeks",0,0,NA,1,0.6,0.7,0,0,0,0,0,0,0,0,0,0,0,0,0,0,0,0,0,0,0,0,0,0,0,0,0,0,0,0,0,0,0,0,0,0,0,0,0,0,0,0,0
"5",19,0,0,0,0,0.875,0,0,0,0,0,0,0,84,3,1,0,11.5354331222148,102276.286567989,10.178409143395,1,0,0,0,37,37,0,0,1,0,0,0,1,1369,0,1,0,0,0,1,0,0,0,4600,0,0,1,0,0,0,0,0,0,0,0,0,0,0,0,0,0,0,0,1,0,0,0,52,26000,35,21,24,31,21,23,33,21,35,6,7,21,20,21,35,19,6,19,6,6,35,20,23,6,23,21,6,22,7,40,31,20,22,22,7,23,34,21,43,30,6,20,24,6,21,21,6,20,6,37,37,22,22,21,7,20,32,21,34,40,7,21,21,38,21,21,34,21,38,5,6,20,19,21,34,23,5,23,6,6,41,21,2,1,1,1,0,2,0,0,0,35,0,51,0,0,0,"some pay, all weeks",0,0,NA,0,0.5,0.7,0,0,0,0,0,0,0,0,0,0,0,0,0,0,0,0,0,0,0,0,0,0,0,0,0,0,0,0,0,0,0,0,0,0,0,0,0,0,0,0,0
"6",20,1,0,0,0,0,1,0,0,0,0,0,0,29848,1,1,0,11.2187129449874,7200,8.89439363139557,0,0,0,1,37,37,0,0,0,0,1,0,1,1369,1,0,0,0,1,0,0,0,0,5240,0,0,0,0,1,0,0,0,0,0,0,0,0,0,0,0,1,0,0,0,0,0,0,32,7200,32,41,56,13,15,37,38,45,51,48,13,45,13,14,53,53,57,40,46,73,44,42,79,13,12,48,51,35,59,41,10,34,12,13,55,36,59,42,46,75,45,41,60,13,16,47,46,43,76,39,11,32,12,15,58,45,61,35,54,53,36,49,53,11,20,43,35,30,54,49,12,46,13,14,68,43,53,47,60,58,36,45,2,4,1,1,0,0,0,0,0,32,0,33,0,0,0,"no pay",0,0,NA,0,0.4,0.7,0,0,0,0,0,0,0,0,0,0,0,0,0,0,0,0,0,0,0,0,0,0,0,0,0,0,0,0,0,0,0,0,0,0,0,0,0,0,0,0,0
"7",24,0,0,0,0,0,0,0,0,0,0,0,0,4,2,0,0,11.2187129449874,2000,7.61345978593351,NA,NA,NA,NA,64,64,0,0,1,0,1,1,0,4096,0,0,0,1,0,1,0,0,0,4850,0,0,0,1,0,0,0,0,0,0,0,0,0,0,1,0,0,0,0,0,0,0,0,20,2000,30,10,10,3,15,2,9,19,14,16,7,2,16,8,10,10,9,3,3,10,9,12,9,3,14,2,11,13,17,15,10,3,15,11,10,8,7,3,4,8,10,11,9,3,17,2,9,15,16,15,8,3,13,9,10,9,9,3,3,10,10,9,8,3,14,2,11,20,13,16,9,3,17,10,10,9,11,3,3,10,9,9,NA,5,1,1,0,0,0,0,0,30,0,20,0,0,0,"no pay",0,0,NA,0,0.4,0.7,0,0,0,0,0,0,0,0,0,0,0,0,0,0,0,0,0,0,0,0,0,0,0,0,0,0,0,0,0,0,0,0,0,0,0,0,0,0,0,0,0
"8",26,1,0,0,0,0.125,1,0,0,0,0,0,0,198,1,1,0,11.7078376809334,121520.430626781,11.0146571675957,NA,NA,NA,NA,63,63,0,0,1,0,0,1,0,3969,0,1,0,0,0,1,0,0,0,5700,0,0,0,0,1,0,0,0,0,0,0,0,0,0,1,0,0,0,0,0,0,0,0,52,60000,70,14,15,4,5,26,30,4,12,24,4,5,14,13,20,14,14,13,15,23,20,18,17,5,4,30,27,4,12,27,6,5,13,17,27,13,18,15,16,24,11,17,15,4,3,29,25,5,14,29,4,6,16,12,22,15,11,15,15,23,16,17,15,4,6,20,29,4,13,21,4,5,14,12,20,15,15,15,14,26,20,15,NA,1,1,1,0,0,0,0,0,70,0,51,0,0,0,"some pay, some weeks",0,0,0,1,0.6,0.7,0,0,0,0,0,0,0,0,0,0,0,0,0,0,0,0,0,0,0,0,0,0,0,0,0,0,0,0,0,0,0,0,0,0,0,0,0,0,0,0,0
"9",27,0,0,0,0,1,0,0,0,0,0,0,0,13,1,1,0,11.7078376809334,121520.430626781,10.98075561592,0,1,0,0,34,34,0,0,1,0,1,0,1,1156,0,0,0,0,0,1,0,0,0,5240,0,0,0,0,1,0,0,0,0,0,0,0,0,0,0,0,0,1,0,0,0,0,0,52,58000,40,12,11,4,5,20,22,4,10,13,4,5,11,10,14,8,17,11,11,18,9,10,11,3,2,17,17,2,9,22,3,4,15,23,18,9,10,14,16,22,17,9,11,5,3,23,27,3,10,18,3,5,18,11,18,10,14,17,11,25,10,10,7,4,3,7,20,4,11,13,4,4,12,12,20,12,9,10,12,22,15,7,2,1,1,1,0,0,0,0,0,40,0,51,0,0,0,"all pay, all weeks",0,0,NA,1,0.6,0.7,0,0,0,0,0,0,0,0,0,0,0,0,0,0,0,0,0,0,0,0,0,0,0,0,0,0,0,0,0,0,0,0,0,0,0,0,0,0,0,0,0
"10",34,0,0,0,0,0,1,0,0,0,0,0,0,31541,1,1,0,11.2187129449874,5000,8.52975051780766,NA,NA,NA,NA,18,18,0,0,1,0,1,0,1,324,0,1,0,0,0,1,0,0,0,4150,0,0,1,0,0,0,0,0,0,0,0,0,0,0,0,0,0,0,0,0,1,0,0,52,5000,20,17,33,16,31,3,18,34,31,16,18,18,17,18,2,17,33,2,17,3,18,31,3,17,2,30,18,3,2,18,19,16,16,18,32,17,2,31,16,33,18,2,30,18,32,3,17,32,33,17,18,17,17,16,3,18,32,2,17,2,19,31,3,17,3,32,18,2,3,17,17,18,17,17,31,16,2,33,16,30,18,2,2,1,1,1,0,0.378571428571429,0.221428571428571,0,0,20,0,51,0,0,0,"no pay",0,0,NA,0,0.4,0.7,0,0,0,0,0,0,0,0,0,0,0,0,0,0,0,0,0,0,0,0,0,0,0,0,0,0,0,0,0,0,0,0,0,0,0,0,0,0,0,0,0
"11",37,0,0,0,0,1,0,0,0,0,0,0,0,51783,1,0,1,12.0383064177903,169110.295612417,11.2641180272272,NA,NA,NA,NA,35,35,0,0,1,0,0,1,0,1225,0,0,1,0,0,0,0,0,1,4850,0,0,0,1,0,0,0,0,0,0,0,0,0,0,1,0,0,0,0,0,0,0,0,52,77000,40,15,16,21,15,13,18,5,15,4,15,15,5,15,29,4,4,28,16,15,28,4,17,4,13,19,13,19,14,22,16,16,24,13,5,25,25,4,13,14,4,24,14,23,18,18,12,3,13,4,13,15,4,15,25,6,4,22,24,14,27,5,14,5,12,16,15,25,16,17,20,14,21,12,4,20,25,5,14,21,4,21,NA,1,1,1,0,0,0,0,0,40,0,51,0,0,0,"all pay, all weeks",0,0,NA,1,0.6,0.7,0,0,0,0,0,0,0,0,0,0,0,0,0,0,0,0,0,0,0,0,0,0,0,0,0,0,0,0,0,0,0,0,0,0,0,0,0,0,0,0,0
"12",38,0,0,0,10,0,0,0,0,0,0,0,1,83167,3,0,1,12.0383064177903,169110.295612417,11.3023392400474,0,0,0,1,35,35,0,0,1,0,0,0,1,1225,0,0,0,1,0,1,0,0,0,2550,0,1,0,0,0,0,0,0,0,0,0,0,0,0,0,0,0,0,0,1,0,0,0,52,80000,40,13,13,20,16,14,12,4,15,4,14,12,5,14,24,4,4,22,16,13,24,4,14,4,17,14,13,24,12,25,14,12,21,15,4,23,25,5,12,14,5,19,13,21,17,15,13,4,15,3,14,12,4,16,27,5,4,27,14,12,25,4,14,3,16,14,14,24,17,21,14,13,22,13,5,27,22,5,13,13,5,24,2,1,1,1,0,0,0,0,0,40,0,51,0,0,0,"no pay",10,1,NA,1,0.6,0.7,0,10,0,0,0,0,0,0,0,0,0,0,0,0,0,0,0,0,0,0,0,0,0,0,0,0,0,0,0,0,0,0,0,0,0,0,0,0,0,0,0
"13",39,0,3,0,0,1,0,0,0,1,0,0,0,23,1,0,1,12.1104878133019,181768.251870831,11.8619550279829,NA,NA,NA,NA,67,67,0,0,0,0,0,1,0,4489,0,0,0,1,0,1,0,0,0,3060,0,1,0,0,0,0,0,0,0,0,0,0,0,0,0,0,0,0,0,1,0,0,0,52,140000,20,13,17,10,3,13,20,10,15,26,14,3,4,4,11,15,14,11,9,18,22,16,5,14,21,10,3,12,11,4,10,22,24,18,12,13,15,13,11,4,4,5,24,12,3,11,17,10,17,28,12,4,4,4,12,14,14,12,12,18,21,17,3,15,19,12,4,10,11,3,11,22,22,18,12,13,13,16,12,5,4,4,NA,1,1,1,0,0,2,0,0,20,0,51,0,0,0,"all pay, all weeks",3,1,NA,1,0.7,0.7,0,0,0,0,3,0,0,0,0,0,0,0,0,0,0,0,0,0,0,1615.38461538462,1615.38461538462,0,0,0,0,0,0,0,0,0,0,0,0,0,0,0,0,0,0,0,0
"14",42,1,0,0,0,0,0,0,0,0,0,0,0,23621,1,1,1,12.167336677534,192400.935127899,10.1391884302418,NA,NA,NA,NA,19,19,0,0,1,0,1,1,0,361,0,0,0,0,0,1,0,0,0,6260,0,0,0,0,0,0,1,0,0,0,0,0,1,0,0,0,0,0,0,0,0,0,0,36,25000,40,7,6,6,11,6,2,6,2,2,14,7,13,6,7,13,7,9,2,2,5,8,6,8,13,7,2,6,2,2,12,9,13,9,8,10,6,9,2,3,5,6,6,7,2,6,12,7,14,12,2,7,2,6,8,2,6,2,11,12,6,7,7,7,2,8,10,5,11,10,2,6,2,7,7,1,5,1,10,9,6,6,NA,4,1,1,0,0,0,0,0,40,0,33,0,0,0,"no pay",0,0,NA,0,0.5,0.7,0,0,0,0,0,0,0,0,0,0,0,0,0,0,0,0,0,0,0,0,0,0,0,0,0,0,0,0,0,0,0,0,0,0,0,0,0,0,0,0,0
"15",43,1,0,0,23,1,1,0,0,0,0,0,1,43,2,1,1,12.167336677534,192400.935127899,11.3629638618639,0,0,0,1,50,50,0,0,1,0,0,0,1,2500,0,0,0,0,0,1,0,0,0,9130,0,0,0,0,0,0,0,0,0,1,0,0,0,1,0,0,0,0,0,0,0,0,0,52,85000,40,7,8,6,11,7,2,7,2,2,15,7,13,7,8,13,7,12,2,3,7,7,7,8,15,7,2,7,2,3,12,9,12,7,9,13,7,12,2,2,8,8,7,7,2,7,13,7,13,13,2,8,2,8,9,2,7,2,13,11,7,7,8,8,2,7,12,6,12,13,2,7,2,7,9,3,7,2,13,12,7,7,2,1,1,1,0,0,0,0,0,40,0,51,0,0,0,"all pay, all weeks",23,1,NA,1,0.6,0.7,0,23,0,0,0,0,0,0,0,0,0,0,0,0,0,0,0,0,0,7519.23076923077,7519.23076923077,0,0,0,0,0,0,0,0,0,0,0,0,0,0,0,0,0,0,0,0
"16",45,0,0,0,0,1,1,0,0,0,0,0,0,2,1,0,1,12.167336677534,192400.935127899,10.927645790606,NA,NA,NA,NA,50,50,0,0,1,0,0,1,0,2500,1,0,0,0,0,1,0,0,0,6260,0,0,0,0,0,0,1,0,0,0,0,0,1,0,0,0,0,0,0,0,0,0,0,48,55000,40,8,7,7,12,6,2,9,2,3,14,8,14,6,8,13,7,12,3,2,8,7,7,7,13,7,2,7,2,2,12,7,13,8,9,13,7,12,2,2,8,7,7,7,2,7,13,7,12,13,2,7,3,8,9,2,8,2,13,13,7,6,7,7,2,8,12,7,13,13,2,7,2,7,7,2,8,2,13,13,7,6,NA,2,1,1,0,0,0,0,0,40,0,48.5,0,0,0,"all pay, all weeks",0,0,NA,1,0.6,0.7,0,0,0,0,0,0,0,0,0,0,0,0,0,0,0,0,0,0,0,0,0,0,0,0,0,0,0,0,0,0,0,0,0,0,0,0,0,0,0,0,0
"17",49,0,0,0,0,0,0,0,0,0,0,0,0,44463,1,1,0,11.2187129449874,530,6.28543433293759,NA,NA,NA,NA,24,24,0,0,1,0,1,1,0,576,0,1,0,0,0,1,0,0,0,4720,0,0,0,1,0,0,0,0,0,0,0,0,0,0,0,0,0,0,0,1,0,0,0,12,530,10,74,161,96,22,25,146,61,20,138,143,60,74,20,86,76,87,79,28,76,66,67,128,103,16,24,110,64,25,135,109,67,84,24,86,63,82,74,22,92,69,80,24,22,127,130,23,84,113,19,22,63,64,119,66,78,69,80,127,61,81,83,24,29,127,122,20,81,114,21,23,78,74,118,91,76,59,88,137,67,75,71,NA,6,1,1,0,0,0,0,0,10,0,7.5,0,0,0,"no pay",0,0,NA,0,0.4,0.7,0,0,0,0,0,0,0,0,0,0,0,0,0,0,0,0,0,0,0,0,0,0,0,0,0,0,0,0,0,0,0,0,0,0,0,0,0,0,0,0,0
"18",52,1,0,0,68,0.5,1,0,0,0,0,0,1,6,1,1,0,11.2187129449874,50000,10.8323356108017,NA,NA,NA,NA,58,58,0,1,0,0,0,1,0,3364,0,0,0,0,0,1,0,0,0,4700,0,0,0,1,0,0,0,0,0,0,0,0,0,0,1,0,0,0,0,0,0,0,0,52,50000,44,14,12,13,4,4,14,13,13,4,24,4,15,24,21,23,14,4,23,14,14,15,13,13,24,23,13,13,14,22,5,25,14,4,4,4,14,26,4,15,13,15,12,12,4,4,13,15,14,4,23,5,14,29,23,23,14,3,23,13,14,13,14,11,23,23,13,12,14,22,4,25,16,4,4,4,16,23,4,14,13,13,NA,1,1,1,0,0,0,0,0,44,0,51,0,0,0,"some pay, all weeks",68,1,NA,1,0.6,0.7,1,68,0,0,0,0,0,0,0,63,63,0,0,0,0,0,63,0,7269.23076923077,6538.46153846154,6538.46153846154,7269.23076923077,0,0,1,0,1,7269.23076923077,0,7269.23076923077,1,0,0,0,0,0,0,0,0,0,0
"19",53,0,10,0,0,0,0,0,0,1,0,0,0,29978,1,0,1,11.1023627480148,66327.6907940916,9.44604124968182,0,0,0,1,74,74,0,0,1,0,0,0,1,5476,0,0,0,0,0,1,0,0,0,630,1,0,0,0,0,0,0,0,0,0,0,0,0,0,0,0,0,1,0,0,0,0,0,51,12500,25,24,24,42,26,7,48,41,7,23,23,7,22,6,26,24,22,38,26,37,22,41,28,7,25,42,6,7,35,24,22,38,24,41,22,22,26,6,24,8,24,40,26,7,24,35,6,7,41,23,26,39,24,39,24,23,25,8,23,8,27,6,21,35,22,7,39,46,8,21,25,7,22,7,26,25,22,41,23,38,25,6,NA,1,1,1,0,0,2,0,0,25,0,51,0,0,0,"no pay",10,1,NA,0,0.4,0.7,0,0,0,0,10,0,0,0,0,0,0,0,0,0,0,0,0,0,0,0,0,0,0,0,0,0,0,0,0,0,0,0,0,0,0,0,0,0,0,0,0
"20",54,1,23,0,12,1,0,0,0,1,0,0,1,368,1,1,1,11.1023627480148,66327.6907940916,10.5578987650999,NA,NA,NA,NA,65,65,0,0,1,0,0,1,0,4225,0,1,0,0,0,1,0,0,0,4700,0,0,0,1,0,0,0,0,0,0,0,0,0,0,1,0,0,0,0,0,0,0,0,52,38000,40,23,20,42,25,8,42,36,7,21,23,7,20,6,24,26,21,39,25,39,22,43,24,7,26,43,6,7,35,24,23,38,23,42,22,21,26,7,22,7,21,40,24,7,24,38,6,8,40,21,26,38,23,42,23,20,22,8,23,7,26,7,23,32,23,7,40,43,7,21,23,7,23,6,25,23,20,41,25,38,25,6,NA,1,1,1,0,0,2,0,0,40,0,51,0,0,0,"all pay, all weeks",35,2,NA,1,0.5,0.7,0,12,0,0,23,0,0,0,0,0,0,0,0,0,0,0,0,0,0,5115.38461538462,5115.38461538462,0,0,0,0,0,0,0,0,0,0,0,0,0,0,0,0,0,0,0,0
"21",55,0,0,0,0,0.125,0,0,0,0,0,0,0,4,1,1,1,11.7226929606494,123339.12578199,8.67817052292594,0,0,0,1,21,21,0,0,0,0,1,0,1,441,0,1,0,0,0,1,0,0,0,4760,0,0,0,1,0,0,0,0,0,0,0,0,0,0,1,0,0,0,0,0,0,0,0,52,5800,20,13,12,14,22,12,12,14,4,11,14,19,4,22,17,12,12,3,3,20,15,11,24,3,12,26,21,18,11,3,22,12,15,11,14,4,4,13,14,13,4,12,22,5,13,23,20,22,11,4,22,11,11,14,10,4,4,12,14,12,3,3,11,9,20,13,13,13,4,14,13,19,4,23,20,12,14,4,3,18,11,3,2,1,1,1,0,0,0,0,0,20,0,51,0,0,0,"some pay, all weeks",0,0,NA,0,0.4,0.7,0,0,0,0,0,0,0,0,0,0,0,0,0,0,0,0,0,0,0,0,0,0,0,0,0,0,0,0,0,0,0,0,0,0,0,0,0,0,0,0,0
"22",56,0,3,0,0,1,0,0,0,1,0,0,0,91891,1,1,1,11.7226929606494,123339.12578199,11.4846607968414,NA,NA,NA,NA,49,49,0,0,1,0,0,1,0,2401,0,0,0,1,0,1,0,0,0,7140,0,0,0,0,0,0,0,1,0,0,0,0,0,0,0,1,0,0,0,0,0,0,0,52,96000,40,11,11,13,21,11,12,10,3,11,13,19,4,19,18,12,11,3,4,20,12,13,22,3,12,21,20,19,12,3,18,11,12,10,10,3,4,11,13,12,3,12,21,3,11,21,21,22,11,4,18,12,11,12,11,4,3,11,13,10,3,3,11,10,18,12,11,12,4,12,11,21,3,19,19,11,12,4,4,16,12,3,NA,1,1,1,0,0,0,0,0,40,0,51,0,0,0,"all pay, all weeks",3,1,NA,1,0.6,0.7,0,0,0,0,3,0,0,0,0,0,0,0,0,0,0,0,0,0,0,1107.69230769231,1107.69230769231,0,0,0,0,0,0,0,0,0,0,0,0,0,0,0,0,0,0,0,0
"23",57,1,0,0,0,1,0,0,0,0,0,0,0,57247,1,1,1,11.7226929606494,123339.12578199,9.91604487892755,0,0,0,1,42,42,0,0,1,0,0,0,1,1764,0,1,0,0,0,0,0,1,0,3600,0,0,1,0,0,0,0,0,0,0,0,0,0,0,0,0,0,0,0,1,0,0,0,52,20000,24,12,13,13,22,13,13,12,3,12,13,19,4,23,20,13,11,3,4,21,13,13,23,3,11,20,19,22,13,3,21,11,12,11,12,4,4,12,14,13,4,11,20,3,11,22,22,20,12,3,20,13,13,14,12,4,4,12,13,11,3,3,11,11,24,12,12,13,3,13,13,21,3,21,19,12,13,4,3,19,13,4,2,1,1,1,0,0,0,0,0,24,0,51,0,0,0,"all pay, all weeks",0,0,NA,0,0.5,0.7,0,0,0,0,0,0,0,0,0,0,0,0,0,0,0,0,0,0,0,0,0,0,0,0,0,0,0,0,0,0,0,0,0,0,0,0,0,0,0,0,0
"24",58,1,0,0,0,1,0,0,0,0,0,0,0,88887,1,0,1,12.6697055912818,317967.86121137,12.6697055912818,NA,NA,NA,NA,62,62,0,0,1,0,0,1,0,3844,0,0,1,0,0,1,0,0,0,10,1,0,0,0,0,0,0,0,0,0,0,0,0,0,1,0,0,0,0,0,0,0,0,52,314000,60,9,11,13,17,9,3,4,8,19,2,15,9,9,9,10,8,10,3,13,9,10,3,9,9,4,9,9,3,9,9,9,3,16,17,14,13,2,8,8,14,13,8,3,3,9,17,14,9,3,15,2,8,10,10,9,10,8,15,3,10,9,17,9,9,15,9,11,13,9,9,9,17,3,3,3,3,15,10,10,3,2,NA,1,1,1,0,0,0,0,0,60,0,51,0,0,0,"all pay, all weeks",0,0,NA,1,0.7,0.7,0,0,0,0,0,0,0,0,0,0,0,0,0,0,0,0,0,0,0,0,0,0,0,0,0,0,0,0,0,0,0,0,0,0,0,0,0,0,0,0,0
"25",64,1,0,0,19,0,0,0,0,0,0,0,1,604,2,0,0,11.2187129449874,4500,8.42439000214984,NA,NA,NA,NA,18,18,0,0,1,0,1,0,1,324,0,1,0,0,0,0,0,0,1,310,1,0,0,0,0,0,0,0,0,0,0,0,0,0,0,0,0,0,0,0,1,0,0,52,4500,30,10,2,10,10,10,20,11,2,10,2,1,18,10,18,10,11,18,10,20,2,10,18,10,10,9,1,10,18,10,20,18,2,11,1,10,9,2,9,1,19,9,18,10,10,11,2,10,19,9,19,19,2,9,2,11,11,1,10,1,20,9,1,10,10,9,20,10,1,9,2,2,19,10,18,10,10,19,9,17,1,10,2,1,1,1,0,0.378571428571429,0.221428571428571,0,0,30,0,51,0,0,0,"no pay",19,1,NA,0,0.4,0.7,0,19,0,0,0,0,0,0,0,0,0,0,0,0,0,0,0,0,0,0,0,0,0,0,0,0,0,0,0,0,0,0,0,0,0,0,0,0,0,0,0
"26",65,0,0,0,45,0,0,0,0,0,0,0,1,20101,2,0,0,11.6298428066859,112402.65157472,10.6338846720779,NA,NA,NA,NA,33,33,0,0,1,0,0,1,0,1089,0,1,0,0,0,1,0,0,0,2000,0,1,0,0,0,0,0,0,0,0,0,0,0,0,0,0,0,0,0,1,0,0,0,52,41000,40,12,4,23,12,14,10,3,22,15,13,3,11,4,4,18,21,14,13,13,13,20,4,22,14,13,13,5,20,13,13,4,16,4,4,22,23,11,12,13,14,24,3,26,13,13,12,3,23,12,12,4,13,4,4,19,22,11,13,16,12,22,4,22,12,14,12,5,22,12,15,3,14,4,3,19,20,12,11,13,14,26,NA,1,2,1,0,1,0,0,0,40,0,51,0,0,0,"no pay",45,1,NA,1,0.5,0.7,0,45,0,0,0,0,0,0,0,0,0,0,0,0,0,0,0,0,0,0,0,0,0,0,0,0,0,0,0,0,0,0,0,0,0,0,0,0,0,0,0
"27",66,0,0,0,0,0,0,0,0,0,0,0,0,41004,1,0,0,11.6298428066859,112402.65157472,11.1688078474229,0,1,0,0,32,32,0,0,1,0,0,0,1,1024,0,0,0,1,0,1,0,0,0,2310,0,1,0,0,0,0,0,0,0,0,0,0,0,0,0,0,0,0,0,1,0,0,0,52,70000,40,14,3,28,12,15,13,4,23,15,13,3,13,5,3,23,27,15,13,14,13,24,4,24,17,14,13,5,24,15,13,4,13,4,4,25,26,14,13,12,16,30,3,28,13,14,14,5,25,14,12,4,14,5,4,23,27,13,14,15,11,24,4,22,16,15,12,5,22,13,15,3,15,4,4,19,24,13,13,13,13,24,2,1,2,1,0,1,0,0,0,40,0,51,0,0,0,"no pay",0,0,NA,1,0.6,0.7,0,0,0,0,0,0,0,0,0,0,0,0,0,0,0,0,0,0,0,0,0,0,0,0,0,0,0,0,0,0,0,0,0,0,0,0,0,0,0,0,0
"28",76,0,0,0,0,1,0,0,0,0,0,0,0,9,1,0,0,10.1706870973011,26126.0217173674,9.31820787817193,0,1,0,0,54,54,0,0,0,0,0,0,1,2916,0,0,0,0,0,1,0,0,0,4230,0,0,1,0,0,0,0,0,0,0,0,0,0,0,0,0,0,0,0,0,0,1,0,44,11000,10,13,13,13,4,3,14,22,13,20,3,20,13,18,11,3,4,13,20,12,14,4,19,3,12,13,4,13,4,10,13,12,20,15,22,13,13,23,12,4,21,13,12,11,4,4,12,20,13,19,4,20,10,21,12,3,3,13,23,13,14,4,20,4,13,12,5,13,4,16,11,13,20,11,21,13,13,22,13,4,22,13,NA,3,1,1,0,3,0,0,0,10,0,43.5,0,0,0,"all pay, all weeks",0,0,NA,0,0.4,0.7,0,0,0,0,0,0,0,0,0,0,0,0,0,0,0,0,0,0,0,0,0,0,0,0,0,0,0,0,0,0,0,0,0,0,0,0,0,0,0,0,0
"29",87,0,0,0,0,1,0,0,0,0,0,0,0,56105,1,0,0,10.8152785646573,49775.5194409178,10.8152785646573,0,1,0,0,55,55,0,0,1,0,0,0,1,3025,0,0,1,0,0,1,0,0,0,1220,0,1,0,0,0,0,0,0,0,0,0,0,0,0,0,0,0,0,0,1,0,0,0,52,50000,36,27,18,45,39,25,34,22,21,28,8,28,39,8,27,8,24,42,29,50,10,52,31,9,11,21,24,30,30,27,38,27,8,56,31,52,31,8,32,9,40,51,27,9,7,28,28,28,28,25,53,24,7,39,30,37,26,11,23,9,48,8,28,41,47,24,35,30,34,30,9,23,46,11,26,8,26,38,26,34,8,9,NA,1,1,1,0,1,0,0,0,36,0,51,0,0,0,"all pay, all weeks",0,0,NA,1,0.6,0.7,0,0,0,0,0,0,0,0,0,0,0,0,0,0,0,0,0,0,0,0,0,0,0,0,0,0,0,0,0,0,0,0,0,0,0,0,0,0,0,0,0
"30",90,0,0,0,0,0.5,1,0,0,0,0,0,0,99,1,1,0,9.81015661907654,18217.8401153759,8.60800365146759,NA,NA,NA,NA,40,40,0,0,0,0,0,1,0,1600,1,0,0,0,0,0,1,0,0,4220,0,0,1,0,0,0,0,0,0,0,0,0,0,0,0,0,0,0,0,0,1,0,0,40,5500,25,20,18,9,20,16,40,7,34,42,22,23,5,7,35,19,21,24,26,14,16,27,19,30,16,22,6,38,8,8,22,14,35,34,5,21,16,21,7,22,16,6,17,6,19,16,33,11,31,32,18,16,5,6,24,16,17,22,38,19,24,40,19,38,15,22,7,46,5,6,27,20,34,24,7,21,17,21,7,27,19,6,NA,3,1,1,0,2,0,0,0,25,0,43.5,0,0,0,"some pay, all weeks",0,0,NA,0,0.4,0.7,0,0,0,0,0,0,0,0,0,0,0,0,0,0,0,0,0,0,0,0,0,0,0,0,0,0,0,0,0,0,0,0,0,0,0,0,0,0,0,0,0
"31",94,0,0,0,0,0,0,0,0,0,0,0,0,86763,1,1,1,11.3587649706628,85713.4444772604,9.79362731712533,0,0,0,1,20,20,0,0,1,0,1,0,1,400,0,0,0,0,0,1,0,0,0,4110,0,0,1,0,0,0,0,0,0,0,0,0,0,0,0,0,0,0,0,0,1,0,0,52,18000,30,40,36,58,12,40,36,67,38,30,11,31,46,61,11,12,38,12,36,59,43,41,65,45,55,60,14,38,10,10,47,15,60,42,43,44,79,36,13,41,80,72,36,69,13,38,39,73,31,40,10,36,41,77,14,11,39,10,36,64,27,43,72,44,51,56,9,34,15,14,39,14,55,35,32,52,72,48,11,42,87,66,2,1,1,1,0,0,0,0,0,30,0,51,0,0,0,"no pay",0,0,NA,0,0.4,0.7,0,0,0,0,0,0,0,0,0,0,0,0,0,0,0,0,0,0,0,0,0,0,0,0,0,0,0,0,0,0,0,0,0,0,0,0,0,0,0,0,0
"32",95,0,0,0,0,0.375,0,0,0,0,0,0,0,39,3,1,1,11.3587649706628,85713.4444772604,10.9636985697756,NA,NA,NA,NA,50,50,0,1,1,0,0,1,0,2500,0,0,1,0,0,1,0,0,0,1020,0,1,0,0,0,0,0,0,0,0,0,0,0,0,0,0,0,0,1,0,0,0,0,52,58000,45,19,18,32,6,20,17,34,17,18,5,14,19,32,5,7,16,6,20,29,21,21,27,19,18,29,5,18,5,5,17,6,31,21,21,20,37,21,6,24,34,32,19,33,5,17,18,36,18,20,6,21,18,29,7,6,20,6,18,29,15,17,32,18,21,30,5,16,6,8,21,6,29,17,17,20,31,20,5,19,36,30,NA,1,1,1,0,0,0,0,0,45,0,51,0,0,0,"some pay, all weeks",0,0,NA,1,0.6,0.7,0,0,0,0,0,0,0,0,0,0,0,0,0,0,0,0,0,0,0,0,0,0,0,0,0,0,0,0,0,0,0,0,0,0,0,0,0,0,0,0,0
"33",96,0,0,0,0,0,0,0,0,0,0,0,0,34418,1,1,1,11.3587649706628,85713.4444772604,9.20584065222321,NA,NA,NA,NA,18,18,0,0,1,0,1,1,0,324,0,0,0,0,0,1,0,0,0,4020,0,0,1,0,0,0,0,0,0,0,0,0,0,0,0,0,0,0,0,0,1,0,0,52,10000,30,57,52,97,22,56,60,92,56,52,14,70,63,114,14,18,77,30,62,60,54,62,96,46,50,87,23,55,14,14,72,18,73,57,49,37,87,52,21,68,85,123,65,70,25,52,59,107,50,64,21,68,46,85,18,18,71,18,59,70,51,59,84,55,58,98,18,39,21,24,54,22,63,50,44,48,91,87,14,59,84,115,NA,1,1,1,0,0,0,0,0,30,0,51,0,0,0,"no pay",0,0,NA,0,0.4,0.7,0,0,0,0,0,0,0,0,0,0,0,0,0,0,0,0,0,0,0,0,0,0,0,0,0,0,0,0,0,0,0,0,0,0,0,0,0,0,0,0,0
"34",99,0,1,0,0,1,1,0,0,1,0,0,0,11,1,0,1,11.7576268308508,127723.982885395,8.74380519262665,NA,NA,NA,NA,59,59,0,0,1,0,0,1,0,3481,0,0,0,1,0,1,0,0,0,1020,0,1,0,0,0,0,0,0,0,0,0,0,0,0,0,0,0,0,1,0,0,0,0,12,6300,20,13,13,12,21,11,4,14,22,23,14,13,18,3,13,3,4,14,4,22,13,13,13,15,22,11,4,12,21,19,13,11,21,4,11,3,3,13,4,22,12,12,11,12,18,13,4,13,21,19,12,13,20,4,13,4,3,11,5,24,11,15,11,13,21,14,3,12,22,20,11,14,22,4,11,4,3,13,3,21,12,14,NA,6,1,1,0,0,0,0,0,20,0,7.5,0,0,0,"all pay, all weeks",1,1,NA,0,0.4,0.7,0,0,0,0,1,0,0,0,0,0,0,0,0,0,0,0,0,0,0,105,105,0,0,0,0,0,0,0,0,0,0,0,0,0,0,0,0,0,0,0,0
"35",111,0,1,0,0,0,0,0,0,1,0,0,0,99,1,0,1,11.1618425648453,70392.5395933459,8.15601852772453,0,0,0,1,62,62,0,0,0,0,0,0,1,3844,0,1,0,0,0,1,0,0,0,5860,0,0,0,0,1,0,0,0,0,0,0,0,0,0,0,0,0,0,0,0,0,1,0,52,3500,8,12,11,12,11,3,12,13,22,20,3,3,21,11,3,20,19,10,12,4,11,14,11,16,14,2,9,12,22,21,3,3,22,13,4,18,22,13,13,5,12,14,10,13,15,18,11,12,4,4,22,23,4,11,18,3,4,12,11,19,12,13,10,12,13,18,13,14,4,4,20,17,3,14,20,4,4,11,14,20,14,13,NA,1,2,1,0,0,1,0,0,8,0,51,0,0,0,"no pay",1,1,NA,0,0.4,0.7,0,0,0,0,1,0,0,0,0,0,0,0,0,0,0,0,0,0,0,0,0,0,0,0,0,0,0,0,0,0,0,0,0,0,0,0,0,0,0,0,0
"36",114,0,0,0,0,0,0,0,0,0,0,0,0,6,1,0,1,12.1450025742888,188151.463486669,11.467603750697,NA,NA,NA,NA,44,44,0,0,0,0,0,1,0,1936,1,0,0,0,0,0,0,0,1,1530,0,1,0,0,0,0,0,0,0,0,0,0,0,0,0,0,0,0,1,0,0,0,0,46,96000,40,11,3,21,3,11,23,25,14,11,2,18,16,13,10,18,4,3,11,14,7,3,16,11,12,14,9,10,10,3,12,14,17,4,13,15,9,12,5,4,19,12,4,22,4,10,20,16,17,9,2,25,10,8,9,9,3,3,12,11,11,4,13,9,11,22,13,14,10,5,12,10,22,5,17,18,11,10,3,4,22,11,NA,3,1,1,0,0,0,0,0,40,0,43.5,0,0,0,"no pay",0,0,NA,1,0.6,0.7,0,0,0,0,0,0,0,0,0,0,0,0,0,0,0,0,0,0,0,0,0,0,0,0,0,0,0,0,0,0,0,0,0,0,0,0,0,0,0,0,0
"37",116,1,0,0,0,0,0,0,0,0,0,0,0,3,1,0,1,12.1450025742888,188151.463486669,11.3459068157195,0,0,0,1,44,44,0,0,0,0,0,0,1,1936,0,0,0,1,0,1,0,0,0,1240,0,1,0,0,0,0,0,0,0,0,0,0,0,0,0,0,0,1,0,0,0,0,0,52,85000,40,10,3,16,2,10,14,17,14,9,3,17,11,9,9,10,3,3,8,9,7,2,10,10,11,16,10,10,9,3,11,11,14,2,15,17,10,9,2,3,15,10,3,16,3,10,18,16,15,9,3,16,9,8,9,9,2,3,11,9,9,2,9,9,10,20,9,10,10,3,10,10,12,3,17,16,9,10,3,3,17,9,2,1,1,1,0,0,0,0,0,40,0,51,0,0,0,"no pay",0,0,NA,1,0.6,0.7,0,0,0,0,0,0,0,0,0,0,0,0,0,0,0,0,0,0,0,0,0,0,0,0,0,0,0,0,0,0,0,0,0,0,0,0,0,0,0,0,0
"38",120,0,0,0,0,1,0,0,0,0,0,0,0,73431,1,1,1,11.2977047139016,80636.3414942868,10.3689914620289,NA,NA,NA,NA,59,59,0,0,1,0,0,1,0,3481,0,0,0,0,0,1,0,0,0,9130,0,0,0,0,0,0,0,0,0,1,0,0,0,0,1,0,0,0,0,0,0,0,0,52,32000,40,21,33,38,24,32,19,18,8,20,6,22,6,24,21,35,23,20,35,5,7,5,20,20,6,23,34,6,23,7,25,32,22,39,5,20,41,35,22,22,19,15,7,8,19,7,19,22,37,20,36,21,39,18,20,8,19,21,6,38,39,31,22,21,35,20,8,42,22,38,20,8,21,5,34,22,6,6,20,22,23,22,NA,1,1,1,0,0,0,0,0,40,0,51,0,0,0,"all pay, all weeks",0,0,NA,1,0.5,0.7,0,0,0,0,0,0,0,0,0,0,0,0,0,0,0,0,0,0,0,0,0,0,0,0,0,0,0,0,0,0,0,0,0,0,0,0,0,0,0,0,0
"39",121,1,0,0,0,1,1,0,0,0,0,0,0,95,1,1,1,11.2977047139016,80636.3414942868,10.7950758573398,0,0,0,1,57,57,0,0,1,0,0,0,1,3249,0,1,0,0,0,1,0,0,0,5940,0,0,0,0,1,0,0,0,0,0,0,0,0,1,0,0,0,0,0,0,0,0,0,52,49000,40,21,37,32,24,31,20,21,7,21,6,20,7,22,21,32,21,20,35,5,6,6,18,20,6,20,33,6,22,7,24,28,21,35,6,20,38,37,22,23,18,18,6,6,18,6,20,21,33,21,37,19,37,20,21,6,21,20,5,39,35,33,20,20,35,20,7,37,22,39,21,7,20,5,35,23,5,6,20,23,24,22,NA,1,1,1,0,0,0,0,0,40,0,51,0,0,0,"all pay, all weeks",0,0,NA,1,0.5,0.7,0,0,0,0,0,0,0,0,0,0,0,0,0,0,0,0,0,0,0,0,0,0,0,0,0,0,0,0,0,0,0,0,0,0,0,0,0,0,0,0,0
"40",122,0,0,0,0,0,0,0,0,0,0,0,0,47733,1,1,0,11.5094252455503,99650.5899207174,10.7099180489995,0,1,0,0,42,42,0,0,1,0,0,0,1,1764,0,1,0,0,0,0,1,0,0,5700,0,0,0,0,1,0,0,0,0,0,0,0,0,0,0,0,0,0,0,1,0,0,0,52,45000,40,13,6,23,11,23,12,15,22,16,38,3,5,13,14,18,26,14,4,12,3,11,4,19,10,23,14,16,29,20,27,3,3,12,10,14,24,18,4,11,3,9,4,22,15,22,16,17,27,12,36,3,4,12,14,12,23,18,3,7,4,8,4,27,14,25,14,18,20,17,31,4,4,14,14,10,26,20,3,17,4,9,2,1,1,1,0,2,1,0,0,40,0,51,0,0,0,"no pay",0,0,NA,1,0.5,0.7,0,0,0,0,0,0,0,0,0,0,0,0,0,0,0,0,0,0,0,0,0,0,0,0,0,0,0,0,0,0,0,0,0,0,0,0,0,0,0,0,0
"41",126,0,1,0,0,0.875,0,0,0,1,0,0,0,93658,2,1,0,11.5094252455503,99650.5899207174,10.7099180489995,NA,NA,NA,NA,48,48,0,0,1,0,0,1,0,2304,1,0,0,0,0,0,1,0,0,4000,0,0,1,0,0,0,0,0,0,0,0,0,0,0,0,0,0,0,0,0,1,0,0,52,45000,40,12,4,26,9,19,13,16,19,21,24,3,3,16,11,15,22,14,4,11,4,9,4,25,10,18,13,16,19,14,22,3,4,15,12,9,25,14,3,15,3,11,4,25,10,19,15,18,24,16,27,3,3,13,8,13,26,13,3,9,4,9,4,30,12,20,11,25,17,19,20,2,5,10,13,11,20,17,3,14,3,10,NA,1,1,1,0,2,1,0,0,40,0,51,0,0,0,"some pay, all weeks",1,1,NA,1,0.5,0.7,0,0,0,0,1,0,0,0,0,0,0,0,0,0,0,0,0,0,0,151.442307692308,151.442307692308,0,0,0,0,0,0,0,0,0,0,0,0,0,0,0,0,0,0,0,0
"42",127,0,0,0,0,0.875,1,0,0,0,0,0,0,86225,1,1,0,11.2187129449874,13000,9.4682049166907,NA,NA,NA,NA,23,23,0,0,1,0,1,1,0,529,0,1,0,0,0,1,0,0,0,8920,0,0,0,0,0,0,0,0,1,0,0,0,0,1,0,0,0,0,0,0,0,0,0,52,13000,37,26,38,29,27,33,32,41,26,23,34,10,29,8,25,15,8,28,35,7,8,8,10,27,30,8,24,6,27,24,23,39,25,33,37,33,56,25,7,32,40,10,8,24,22,7,27,8,26,29,26,47,34,36,27,24,41,25,6,43,41,46,51,36,22,39,32,42,23,34,25,7,23,7,25,22,8,20,47,7,7,38,NA,1,1,1,0,0,0,0,0,37,0,51,0,0,0,"some pay, all weeks",0,0,NA,0,0.4,0.7,0,0,0,0,0,0,0,0,0,0,0,0,0,0,0,0,0,0,0,0,0,0,0,0,0,0,0,0,0,0,0,0,0,0,0,0,0,0,0,0,0
"43",128,0,0,0,35,0.625,0,0,0,0,0,0,1,804,1,1,0,11.2187129449874,30000,10.3044529408913,NA,NA,NA,NA,25,25,0,0,1,0,1,1,0,625,0,0,1,0,0,1,0,0,0,4600,0,0,1,0,0,0,0,0,0,0,0,0,0,0,0,0,0,0,0,1,0,0,0,52,30000,50,24,43,26,33,43,27,49,22,23,26,6,33,7,20,22,8,26,44,9,7,6,6,23,24,6,21,6,23,23,23,40,29,36,21,23,43,20,7,39,47,7,7,24,29,8,23,10,22,22,23,43,24,40,20,23,31,21,9,36,41,34,36,20,26,40,26,45,28,25,29,9,23,7,28,27,9,22,39,9,7,47,NA,1,2,1,0,0,0,0,0,50,0,51,0,0,0,"some pay, all weeks",35,1,NA,1,0.5,0.7,0,35,0,0,0,0,0,0,0,0,0,0,0,0,0,0,0,0,1730.76923076923,2524.03846153846,2524.03846153846,0,1,0,0,0,0,0,0,0,0,0,0,0,0,0,0,0,0,0,0
"44",129,0,0,0,0,1,0,0,0,0,0,0,0,783,1,0,0,11.2187129449874,40000,10.5921350133431,NA,NA,NA,NA,24,24,0,0,1,0,1,1,0,576,0,0,1,0,0,1,0,0,0,630,1,0,0,0,0,0,0,0,0,0,0,0,0,0,0,0,0,0,0,0,0,1,0,49,40000,60,19,27,26,18,21,23,33,20,21,29,8,20,6,18,15,6,21,24,5,6,6,11,21,22,7,20,7,26,21,18,28,19,25,31,25,44,19,5,29,21,6,8,20,17,7,23,6,19,23,22,34,31,29,23,23,32,19,4,35,34,36,45,27,17,34,26,32,16,29,20,6,17,4,21,16,6,15,34,5,6,31,NA,2,2,1,0,0,0,0,0,60,0,48.5,0,0,0,"all pay, all weeks",0,0,NA,1,0.5,0.7,0,0,0,0,0,0,0,0,0,0,0,0,0,0,0,0,0,0,0,0,0,0,0,0,0,0,0,0,0,0,0,0,0,0,0,0,0,0,0,0,0
"45",130,1,0,0,0,0,0,0,0,0,0,0,0,10521,1,0,0,11.2187129449874,58000,10.9636985697756,NA,NA,NA,NA,25,25,0,0,1,0,1,1,0,625,0,0,1,0,0,1,0,0,0,1460,0,1,0,0,0,0,0,0,0,0,0,0,0,0,0,0,0,0,1,0,0,0,0,52,58000,40,25,43,25,33,44,28,50,23,24,26,7,34,7,21,23,8,26,44,9,6,7,7,22,24,5,20,6,22,24,24,40,28,35,22,23,43,19,8,40,48,8,7,24,29,8,22,11,22,23,23,42,25,39,20,22,32,21,7,37,42,33,37,19,25,41,25,44,28,25,30,8,23,7,28,28,9,23,38,9,8,46,NA,1,1,1,0,0,0,0,0,40,0,51,0,0,0,"no pay",0,0,NA,1,0.6,0.7,0,0,0,0,0,0,0,0,0,0,0,0,0,0,0,0,0,0,0,0,0,0,0,0,0,0,0,0,0,0,0,0,0,0,0,0,0,0,0,0,0
"46",131,0,0,0,0,0,0,0,0,0,0,0,0,7,1,1,0,11.2187129449874,30000,10.3044529408913,NA,NA,NA,NA,24,24,0,0,1,0,1,1,0,576,0,1,0,0,0,1,0,0,0,6100,0,0,0,0,0,1,0,0,0,0,1,0,0,0,0,0,0,0,0,0,0,0,0,32,30000,60,26,37,29,26,32,32,42,25,23,34,9,28,8,25,15,8,28,34,7,8,8,10,27,30,8,24,6,28,24,23,39,25,32,36,33,56,25,7,32,40,10,7,25,22,7,27,8,26,28,27,47,33,36,27,24,41,25,5,43,42,47,50,35,22,39,32,42,24,35,25,7,23,7,25,22,8,20,47,6,7,38,NA,4,1,1,0,0,0,0,0,60,0,33,0,0,0,"no pay",0,0,NA,1,0.5,0.7,0,0,0,0,0,0,0,0,0,0,0,0,0,0,0,0,0,0,0,0,0,0,0,0,0,0,0,0,0,0,0,0,0,0,0,0,0,0,0,0,0
"47",133,1,0,0,0,0,0,0,0,0,0,0,0,53593,1,0,0,11.2187129449874,1e+05,11.5084257452173,NA,NA,NA,NA,41,41,0,0,1,0,1,1,0,1681,0,0,1,0,0,1,0,0,0,4700,0,0,0,1,0,0,0,0,0,0,0,0,0,0,1,0,0,0,0,0,0,0,0,52,100000,45,23,35,23,39,7,7,22,21,22,36,23,6,23,7,7,42,27,38,25,21,23,7,23,6,37,35,24,22,24,7,24,37,21,42,36,7,24,6,23,21,22,36,22,40,7,6,23,23,22,39,23,7,24,7,7,37,23,39,22,23,27,7,21,6,41,40,22,22,23,7,20,44,22,35,39,6,22,7,21,23,22,NA,1,1,1,0,0,0,0,0,45,0,51,0,0,0,"no pay",0,0,NA,1,0.7,0.7,0,0,0,0,0,0,0,0,0,0,0,0,0,0,0,0,0,0,0,0,0,0,0,0,0,0,0,0,0,0,0,0,0,0,0,0,0,0,0,0,0
"48",134,1,0,0,0,0,1,0,0,0,0,0,0,61711,1,1,0,11.2187129449874,5000,8.51269347166326,NA,NA,NA,NA,22,22,0,0,1,0,1,0,1,484,0,1,0,0,0,1,0,0,0,4760,0,0,0,1,0,0,0,0,0,0,0,0,0,0,1,0,0,0,0,0,0,0,0,40,5000,20,5,5,1,1,1,0,6,0,5,1,4,5,5,5,1,0,5,5,1,5,5,9,5,5,5,5,9,5,10,5,9,9,9,9,5,5,9,10,6,8,0,5,0,0,1,1,4,1,5,0,5,5,5,5,1,1,5,5,0,5,5,10,5,5,5,6,9,5,9,5,10,9,9,9,5,5,9,9,4,10,1,2,3,1,1,0,0.378571428571429,0.221428571428571,0,0,20,0,43.5,0,0,0,"no pay",0,0,NA,0,0.4,0.7,0,0,0,0,0,0,0,0,0,0,0,0,0,0,0,0,0,0,0,0,0,0,0,0,0,0,0,0,0,0,0,0,0,0,0,0,0,0,0,0,0
"49",135,0,0,0,0,0,0,0,0,0,0,0,0,12201,1,0,0,11.2187129449874,105000,11.5572159093867,NA,NA,NA,NA,64,64,0,1,1,0,0,1,0,4096,0,1,0,0,0,1,0,0,0,5940,0,0,0,0,1,0,0,0,0,0,0,0,0,0,1,0,0,0,0,0,0,0,0,52,105000,45,35,61,68,11,65,37,33,10,10,11,35,35,56,11,37,61,38,31,37,35,10,32,34,36,42,56,10,36,34,36,65,11,35,34,62,36,55,54,11,9,32,62,56,10,59,37,38,12,11,10,39,33,63,10,37,61,32,32,32,39,10,32,36,33,37,60,9,33,37,34,64,11,34,37,56,34,69,56,10,9,34,NA,1,1,1,0,0,0,0,0,45,0,51,0,0,0,"no pay",0,0,NA,1,0.7,0.7,0,0,0,0,0,0,0,0,0,0,0,0,0,0,0,0,0,0,0,0,0,0,0,0,0,0,0,0,0,0,0,0,0,0,0,0,0,0,0,0,0
"50",138,0,0,0,0,1,0,0,0,0,0,0,0,77014,1,0,0,11.270168556093,78446.2186388864,11.0303899442743,NA,NA,NA,NA,51,51,0,0,1,0,0,1,0,2601,0,0,0,0,0,1,0,0,0,600,1,0,0,0,0,0,0,0,0,0,0,0,0,1,0,0,0,0,0,0,0,0,0,52,62000,45,14,14,12,4,13,13,16,27,15,15,4,25,4,4,14,13,21,20,3,16,3,14,14,20,14,16,14,4,14,14,21,4,23,22,13,14,4,4,25,14,4,14,13,22,14,13,14,4,14,15,21,4,22,25,15,14,4,4,26,13,23,16,13,4,13,14,14,24,14,14,5,20,4,4,13,14,24,24,4,15,21,NA,1,1,1,0,0,0,0,0,45,0,51,0,0,0,"all pay, all weeks",0,0,NA,1,0.6,0.7,0,0,0,0,0,0,0,0,0,0,0,0,0,0,0,0,0,0,0,0,0,0,0,0,0,0,0,0,0,0,0,0,0,0,0,0,0,0,0,0,0
"51",140,0,0,0,0,1,0,0,0,0,0,0,0,83,1,1,0,11.2187129449874,70000,11.1517508012785,0,0,0,1,54,54,0,0,1,0,0,0,1,2916,0,0,0,0,0,1,0,0,0,5000,0,0,0,0,1,0,0,0,0,0,0,0,0,0,1,0,0,0,0,0,0,0,0,52,70000,40,17,18,30,5,18,5,5,16,5,25,18,17,18,26,18,5,18,32,26,16,17,16,25,5,18,5,5,17,6,29,16,17,15,33,18,4,20,28,30,17,19,17,5,27,16,27,28,19,30,4,16,21,15,5,17,27,18,5,5,18,18,19,6,26,17,28,29,16,31,6,16,20,19,5,21,29,16,5,4,17,18,NA,1,1,1,1,0,0,0,0,40,0,51,0,0,0,"all pay, all weeks",0,0,NA,1,0.6,0.7,0,0,0,0,0,0,0,0,0,0,0,0,0,0,0,0,0,0,0,0,0,0,0,0,0,0,0,0,0,0,0,0,0,0,0,0,0,0,0,0,0
"52",144,1,0,0,0,0,1,0,0,0,0,0,0,296,1,1,0,11.5183760760704,100546.549270654,10.7099180489995,NA,NA,NA,NA,53,53,0,0,1,0,1,1,0,2809,0,0,0,0,0,1,0,0,0,6320,0,0,0,0,0,0,1,0,0,0,0,0,1,0,0,0,0,0,0,0,0,0,0,24,45000,40,15,4,3,4,17,14,16,15,14,22,24,23,13,4,13,24,16,15,21,14,5,5,3,5,14,14,16,14,15,25,22,24,12,4,12,24,17,13,22,14,5,3,4,4,17,14,18,16,14,26,24,22,12,4,16,25,15,13,24,15,5,4,3,4,14,17,17,13,15,26,24,24,12,4,12,22,15,14,21,15,5,NA,5,1,1,0,1,0,0,0,40,0,20,0,0,0,"no pay",0,0,NA,1,0.5,0.7,0,0,0,0,0,0,0,0,0,0,0,0,0,0,0,0,0,0,0,0,0,0,0,0,0,0,0,0,0,0,0,0,0,0,0,0,0,0,0,0,0
"53",145,0,0,0,30,1,0,0,0,0,0,0,1,34,1,0,0,10.4586036207186,34842.8636086425,10.4586036207186,0,1,0,0,48,48,0,1,1,0,0,0,1,2304,0,0,0,0,0,1,0,0,0,5700,0,0,0,0,1,0,0,0,0,0,0,0,0,0,0,0,0,0,1,0,0,0,0,52,35000,45,74,25,74,66,79,109,129,86,107,31,94,26,85,25,16,73,80,61,65,68,79,66,21,112,120,68,82,25,88,74,72,80,23,99,75,110,104,21,34,130,150,26,76,73,65,150,122,66,112,22,108,22,58,22,29,64,66,90,63,66,82,78,26,109,97,82,58,19,78,76,80,71,30,61,82,130,106,30,22,122,97,2,1,1,1,0,1,0,0,0,45,0,51,0,0,0,"all pay, all weeks",30,1,NA,1,0.5,0.7,0,30,0,0,0,0,0,0,0,0,0,0,0,0,0,0,0,0,0,4038.46153846154,4038.46153846154,0,0,0,0,0,0,0,0,0,0,0,0,0,0,0,0,0,0,0,0
"54",147,0,0,0,0,0.625,0,0,0,0,0,0,0,68452,1,1,0,11.2187129449874,11600,9.35426065734148,0,0,0,1,62,62,0,1,1,0,0,0,1,3844,0,0,0,0,0,1,0,0,0,4620,0,0,1,0,0,0,0,0,0,0,0,0,0,0,0,0,0,0,0,1,0,0,0,52,11600,17,21,6,22,7,19,36,21,32,5,20,39,34,19,17,27,25,19,8,20,34,6,6,21,6,20,40,20,31,6,20,43,34,22,20,21,22,25,6,20,32,33,33,17,34,18,6,19,6,36,24,6,6,23,21,17,22,18,29,23,8,42,32,25,36,21,6,21,7,45,19,5,6,20,24,18,23,23,31,24,6,5,NA,1,1,1,0,0,0,0,0,17,0,51,0,0,0,"some pay, all weeks",0,0,NA,0,0.4,0.7,0,0,0,0,0,0,0,0,0,0,0,0,0,0,0,0,0,0,0,0,0,0,0,0,0,0,0,0,0,0,0,0,0,0,0,0,0,0,0,0,0
"55",151,0,0,0,0,0,0,0,0,0,0,0,0,208,1,1,0,11.2187129449874,55000,10.9105887444616,NA,NA,NA,NA,36,36,0,1,1,0,0,1,0,1296,0,0,0,0,0,1,0,0,0,6230,0,0,0,0,0,0,1,0,0,0,0,0,0,1,0,0,0,0,0,0,0,0,0,52,55000,50,14,13,14,14,24,24,16,17,12,23,4,25,15,4,4,4,13,27,4,15,14,15,16,15,4,4,15,15,15,4,29,4,13,22,21,24,16,5,23,15,14,13,13,15,27,23,13,13,14,25,4,23,14,4,4,4,14,26,4,14,15,15,13,15,4,4,15,15,15,5,24,4,13,23,22,26,16,4,27,15,15,NA,1,1,1,0,0,0,0,0,50,0,51,0,0,0,"no pay",0,0,NA,1,0.6,0.7,0,0,0,0,0,0,0,0,0,0,0,0,0,0,0,0,0,0,0,0,0,0,0,0,0,0,0,0,0,0,0,0,0,0,0,0,0,0,0,0,0
"56",157,1,135,0,0,1,1,0,0,1,0,0,0,800,1,0,1,10.7253538571293,45494.8247689989,9.64409558315436,0,0,0,1,24,24,0,0,1,0,1,0,1,576,0,0,1,0,0,1,0,0,0,4760,0,0,0,1,0,0,0,0,0,0,0,0,0,0,1,0,0,0,0,0,0,0,0,52,15500,35,22,25,35,23,27,6,36,6,5,20,19,36,34,7,19,23,23,6,22,20,20,5,20,40,9,22,21,24,22,36,36,22,20,20,40,5,37,19,6,6,35,26,39,17,22,6,43,6,6,21,20,37,38,6,21,22,19,6,21,19,22,7,22,30,6,19,18,20,19,39,38,22,23,22,33,8,32,20,7,5,31,2,1,1,1,0,0,1,0,0,35,0,51,0,0,0,"all pay, all weeks",135,1,NA,0,0.4,0.7,0,0,0,0,135,0,0,0,0,0,0,0,0,0,0,0,0,0,0,8048.07692307692,8048.07692307692,0,0,0,0,0,0,0,0,0,0,0,0,0,0,0,0,0,0,0,0
"57",173,1,5,0,65,0,0,0,0,1,0,0,1,62403,1,1,1,11.3127387170264,81857.7871068953,11.0467751685293,NA,NA,NA,NA,57,57,0,0,1,0,0,1,0,3249,0,0,0,0,0,1,0,0,0,8030,0,0,0,0,0,0,0,0,1,0,0,0,0,0,1,0,0,0,0,0,0,0,0,52,64000,80,13,23,4,3,13,12,19,12,11,12,12,22,12,12,3,3,21,21,4,13,13,4,20,20,13,12,4,12,11,12,11,3,13,13,24,21,4,4,19,12,12,4,20,20,11,11,3,12,13,12,11,3,12,12,23,22,4,4,21,11,13,22,4,4,12,12,19,12,12,13,14,21,12,12,4,3,20,20,4,12,13,NA,1,1,1,0,0,0,0,0,80,0,51,0,0,0,"no pay",70,2,NA,1,0.6,0.7,0,65,0,0,5,0,0,1,0,0,0,0,0,0,0,0,0,0,0,0,0,0,0,0,0,0,0,0,0,0,0,0,0,0,0,0,0,0,0,0,0
"58",174,0,23,0,0,0,0,0,0,1,0,0,0,4573,1,1,1,11.3127387170264,81857.7871068953,9.85830655073931,0,0,0,1,57,57,0,0,1,0,0,0,1,3249,0,1,0,0,0,1,0,0,0,5120,0,0,0,0,1,0,0,0,0,0,0,0,0,0,1,0,0,0,0,0,0,0,0,52,19500,50,13,22,4,4,15,12,20,13,12,12,12,22,12,13,4,4,21,21,4,12,13,4,21,20,13,12,4,13,10,13,12,4,13,13,23,21,4,4,20,13,12,3,21,20,12,13,4,12,13,13,11,3,12,13,22,22,4,4,21,11,13,20,4,4,12,12,19,13,13,13,13,22,12,12,4,3,21,22,3,12,12,NA,1,1,1,0,0,0,0,0,50,0,51,0,0,0,"no pay",23,1,NA,0,0.4,0.7,0,0,0,0,23,0,0,0,0,0,0,0,0,0,0,0,0,0,0,0,0,0,0,0,0,0,0,0,0,0,0,0,0,0,0,0,0,0,0,0,0
"59",177,0,0,0,0,0.375,0,0,0,0,0,0,0,87126,1,0,0,11.2186254254559,74505.2912589706,10.5767715392835,NA,NA,NA,NA,39,39,0,0,1,0,0,1,0,1521,0,0,1,0,0,1,0,0,0,2825,0,1,0,0,0,0,0,0,0,0,0,0,0,0,0,0,0,0,0,1,0,0,0,52,40000,45,6,10,2,6,6,6,1,6,10,6,2,2,7,6,2,11,5,10,10,6,6,10,2,6,7,6,2,7,11,6,2,2,6,6,1,11,6,11,10,7,6,12,2,6,6,7,2,5,10,6,2,2,5,6,2,11,6,11,11,6,5,11,2,6,6,6,2,6,10,7,2,2,6,6,3,12,6,11,11,7,6,NA,1,2,1,0,2,0,0,0,45,0,51,0,0,0,"some pay, all weeks",0,0,NA,1,0.5,0.7,0,0,0,0,0,0,0,0,0,0,0,0,0,0,0,0,0,0,0,0,0,0,0,0,0,0,0,0,0,0,0,0,0,0,0,0,0,0,0,0,0
"60",183,0,0,0,0,1,0,0,0,0,0,0,0,7,1,0,0,11.3187088840129,82347.953496757,11.2186254254559,0,0,0,1,51,51,0,0,0,0,0,0,1,2601,0,0,0,1,0,1,0,0,0,3255,0,1,0,0,0,0,0,0,0,0,0,0,0,0,0,0,0,0,0,1,0,0,0,38,76000,40,34,50,36,30,29,35,35,12,33,69,9,35,10,36,62,33,56,11,32,53,10,49,36,34,32,32,31,11,32,60,10,29,10,33,56,33,63,11,33,65,59,10,37,32,34,37,33,52,36,10,59,33,58,32,10,32,10,64,31,10,53,11,34,32,32,32,35,59,28,12,62,33,61,34,11,32,11,61,32,10,10,NA,4,2,1,1,1,0,0,0,40,0,33,0,0,0,"all pay, all weeks",0,0,NA,1,0.6,0.7,0,0,0,0,0,0,0,0,0,0,0,0,0,0,0,0,0,0,0,0,0,0,0,0,0,0,0,0,0,0,0,0,0,0,0,0,0,0,0,0,0
"61",184,1,0,0,0,0,1,0,0,0,0,0,0,7,1,1,0,11.3187088840129,82347.953496757,8.57429103873984,NA,NA,NA,NA,23,23,0,0,0,0,0,1,0,529,1,0,0,0,0,1,0,0,0,6765,0,0,0,0,0,0,1,0,0,0,0,0,0,0,1,0,0,0,0,0,0,0,0,33,5400,40,27,40,30,21,26,23,31,9,29,58,7,25,8,24,49,25,38,8,27,41,9,43,33,26,23,28,25,8,25,44,8,24,8,29,42,26,44,7,26,56,43,7,25,27,28,35,29,36,27,9,42,27,53,25,7,23,7,47,24,9,39,9,25,31,26,25,26,45,30,8,49,21,48,26,8,33,7,50,21,9,7,NA,4,1,1,1,1,0,0,0,40,0,33,0,0,0,"no pay",0,0,NA,0,0.4,0.7,0,0,0,0,0,0,0,0,0,0,0,0,0,0,0,0,0,0,0,0,0,0,0,0,0,0,0,0,0,0,0,0,0,0,0,0,0,0,0,0,0
"62",187,1,0,0,0,1,0,0,0,0,0,0,0,77816,1,1,1,11.7577315693004,127737.361197946,9.59594228627182,0,0,0,1,23,23,0,0,1,0,1,0,1,529,0,0,1,0,0,1,0,0,0,4760,0,0,0,1,0,0,0,0,0,0,0,0,0,0,1,0,0,0,0,0,0,0,0,52,15000,20,11,10,19,11,2,11,3,23,9,3,3,10,10,10,11,13,18,10,3,18,3,10,3,9,18,9,17,3,10,20,16,9,11,11,12,11,3,11,19,3,3,9,4,10,17,11,15,3,11,20,19,10,10,9,12,12,3,11,17,4,18,11,17,11,3,11,4,17,11,4,3,12,10,11,11,12,18,12,3,16,18,2,1,1,1,0,0,0,0,0,20,0,51,0,0,0,"all pay, all weeks",0,0,NA,0,0.4,0.7,0,0,0,0,0,0,0,0,0,0,0,0,0,0,0,0,0,0,0,0,0,0,0,0,0,0,0,0,0,0,0,0,0,0,0,0,0,0,0,0,0
"63",193,1,1,0,0,0.625,0,0,0,1,0,0,0,165,1,0,1,12.074159947909,175283.501014526,11.6753838279517,0,0,0,1,73,73,0,0,1,0,0,0,1,5329,0,0,0,1,0,1,0,0,0,2200,0,1,0,0,0,0,0,0,0,0,0,0,0,0,0,0,0,0,0,1,0,0,0,50,120000,50,6,5,1,6,6,2,10,7,7,2,6,6,10,6,6,2,10,10,6,10,6,10,6,2,2,6,6,1,10,7,10,11,6,11,2,7,5,7,2,6,2,7,2,5,6,2,10,6,6,1,6,7,11,6,5,2,11,10,6,11,7,9,6,2,2,6,7,2,11,8,12,10,6,10,2,6,6,6,1,7,2,NA,1,2,1,0,0,2,0,0,50,0,51,0,0,0,"some pay, all weeks",1,1,NA,1,0.7,0.7,0,0,0,0,1,0,0,0,0,0,0,0,0,0,0,0,0,0,0,300,300,0,0,0,0,0,0,0,0,0,0,0,0,0,0,0,0,0,0,0,0
"64",194,0,3,0,0,1,0,0,0,1,0,0,0,52162,1,1,1,12.074159947909,175283.501014526,10.2890894668318,NA,NA,NA,NA,70,70,0,0,1,0,0,1,0,4900,0,0,0,0,0,1,0,0,0,9120,0,0,0,0,0,0,0,0,0,1,0,0,0,0,0,1,0,0,0,0,0,0,0,52,30000,30,5,5,2,6,6,1,9,7,6,1,5,5,9,6,6,1,9,10,6,10,6,10,6,2,2,5,6,2,10,6,9,10,5,10,2,7,5,6,2,6,2,6,2,5,5,2,8,5,5,2,5,6,10,6,6,2,10,10,6,11,5,9,7,2,2,5,6,1,10,6,10,9,6,9,2,6,5,5,2,6,1,NA,1,1,1,0,0,2,0,0,30,0,51,0,0,0,"all pay, all weeks",3,1,NA,1,0.5,0.7,0,0,0,0,3,0,0,0,0,0,0,0,0,0,0,0,0,0,0,346.153846153846,346.153846153846,0,0,0,0,0,0,0,0,0,0,0,0,0,0,0,0,0,0,0,0
"65",199,0,0,0,0,1,0,0,0,0,0,0,0,77,1,0,0,12.1961597825708,198027.221504106,12.1862094517176,NA,NA,NA,NA,47,47,0,0,1,0,0,1,0,2209,0,0,1,0,0,1,0,0,0,800,1,0,0,0,0,0,0,0,0,0,0,0,0,0,0,0,0,0,1,0,0,0,0,51,200000,60,8,6,14,8,2,8,2,14,7,2,3,8,7,7,7,8,14,6,2,13,3,8,3,7,12,7,14,2,6,14,12,7,9,8,7,9,2,7,14,2,14,7,13,10,3,8,2,11,8,2,3,7,8,6,9,11,13,8,2,12,3,8,2,7,14,7,13,3,7,15,14,7,9,8,8,8,2,7,12,2,14,NA,1,1,1,0,3,0,0,0,60,0,51,0,0,0,"all pay, all weeks",0,0,NA,1,0.7,0.7,0,0,0,0,0,0,0,0,0,0,0,0,0,0,0,0,0,0,0,0,0,0,0,0,0,0,0,0,0,0,0,0,0,0,0,0,0,0,0,0,0
"66",203,0,0,0,0,0,1,0,0,0,0,0,0,90,1,1,0,-4.60517018598809,0.01,10.1067679100378,NA,NA,NA,NA,51,51,0,0,0,0,0,1,0,2601,1,0,0,0,1,0,0,0,0,8220,0,0,0,0,0,0,0,0,1,0,0,0,0,1,0,0,0,0,0,0,0,0,0,52,25000,40,35,51,52,12,63,31,44,13,9,10,34,32,66,11,31,62,35,35,41,33,58,35,43,33,39,15,68,35,31,37,9,37,27,36,10,32,10,10,53,50,28,62,38,10,61,35,38,10,17,15,30,34,68,13,32,51,39,27,37,37,58,35,27,41,44,10,57,33,33,39,10,46,52,43,9,37,10,10,40,54,43,NA,1,1,1,1,1,0,0,0,40,0,51,0,0,0,"no pay",0,0,NA,0,0.5,0.7,0,0,0,0,0,0,0,0,0,0,0,0,0,0,0,0,0,0,0,0,0,0,0,0,0,0,0,0,0,0,0,0,0,0,0,0,0,0,0,0,0
"67",208,0,0,4,0,0,1,0,0,0,1,0,0,9,2,1,0,11.2187129449874,10000,9.19047717816365,NA,NA,NA,NA,22,22,0,0,0,0,1,0,1,484,0,1,0,0,0,1,0,0,0,710,1,0,0,0,0,0,0,0,0,0,0,0,0,0,0,0,0,1,0,0,0,0,0,52,10000,40,4,4,4,7,4,0,4,0,1,8,4,8,4,4,8,4,8,0,1,5,4,5,4,8,5,1,4,0,1,8,4,8,5,4,8,4,8,0,1,4,4,4,4,1,5,8,4,7,7,1,4,0,4,4,0,4,1,8,8,4,5,4,4,0,4,9,4,8,8,0,5,1,4,4,0,4,0,8,7,4,4,2,1,1,1,0,0.378571428571429,0.221428571428571,0,0,40,0,51,0,0,0,"no pay",4,1,NA,0,0.4,0.7,0,0,0,4,0,0,0,0,0,0,0,0,0,0,0,0,0,0,0,0,0,0,0,0,0,0,0,0,0,0,0,0,0,0,0,0,0,0,0,0,0
"68",210,0,0,0,0,0,1,0,0,0,0,0,0,60986,1,0,1,10.6945545749399,44114.9750875484,10.6945545749399,NA,NA,NA,NA,33,33,0,0,1,0,0,1,0,1089,0,0,1,0,0,1,0,0,0,630,1,0,0,0,0,0,0,0,0,0,0,0,0,0,0,0,0,0,0,1,0,0,0,52,45000,60,18,30,17,31,37,6,5,17,15,16,21,37,6,18,20,17,30,5,18,20,5,36,22,27,25,4,5,21,18,23,19,27,6,17,18,18,30,6,18,22,6,31,22,32,32,6,7,17,24,18,20,34,4,15,21,16,28,4,18,18,8,27,15,32,31,5,6,20,16,22,20,34,6,20,19,17,30,6,17,20,6,NA,1,2,1,0,0,0,0,0,60,0,51,0,0,0,"no pay",0,0,NA,1,0.5,0.7,0,0,0,0,0,0,0,0,0,0,0,0,0,0,0,0,0,0,0,0,0,0,0,0,0,0,0,0,0,0,0,0,0,0,0,0,0,0,0,0,0
"69",219,0,0,0,0,1,0,0,0,0,0,0,0,93,1,0,1,12.6225270233086,303314.962046388,9.52694941478486,0,0,0,1,62,62,0,0,1,0,0,0,1,3844,0,0,1,0,0,1,0,0,0,5120,0,0,0,0,1,0,0,0,0,0,0,0,0,0,0,0,0,0,1,0,0,0,0,47,14000,15,8,8,9,8,14,13,8,9,9,14,3,12,9,3,2,3,9,14,2,8,9,9,9,10,3,3,8,9,7,3,15,2,8,12,14,14,8,3,16,8,8,9,9,8,3,2,10,9,9,3,16,3,8,14,15,15,9,3,15,8,9,8,8,8,15,13,8,9,9,14,2,14,9,3,2,3,9,12,2,9,8,NA,3,1,1,0,0,1,0,0,15,0,43.5,0,0,0,"all pay, all weeks",0,0,NA,0,0.4,0.7,0,0,0,0,0,0,0,0,0,0,0,0,0,0,0,0,0,0,0,0,0,0,0,0,0,0,0,0,0,0,0,0,0,0,0,0,0,0,0,0,0
"70",220,0,0,0,0,1,0,0,0,0,0,0,0,32713,1,0,1,10.4142526097858,33331.3145105921,10.1837289511739,0,0,0,1,32,32,0,0,1,0,0,0,1,1024,0,0,0,1,0,1,0,0,0,2200,0,1,0,0,0,0,0,0,0,0,0,0,0,0,0,0,0,0,0,1,0,0,0,52,27000,50,20,8,22,7,7,5,6,18,20,5,6,16,5,6,23,21,20,21,6,21,32,20,34,22,20,19,18,36,32,20,22,34,21,23,31,38,33,33,21,35,17,9,19,6,6,5,6,17,19,6,7,17,6,7,20,20,20,21,5,21,26,21,28,24,24,19,20,37,31,21,21,33,19,23,30,42,35,28,19,36,16,2,1,2,1,0,0,0,0,0,50,0,51,0,0,0,"all pay, all weeks",0,0,NA,0,0.5,0.7,0,0,0,0,0,0,0,0,0,0,0,0,0,0,0,0,0,0,0,0,0,0,0,0,0,0,0,0,0,0,0,0,0,0,0,0,0,0,0,0,0
"71",222,0,0,0,15,0,1,0,0,0,0,0,1,302,1,1,0,11.2187129449874,7200,8.86197311119161,0,0,0,1,22,22,0,0,1,0,1,0,1,484,0,1,0,0,0,1,0,0,0,4720,0,0,0,1,0,0,0,0,0,0,0,0,0,0,1,0,0,0,0,0,0,0,0,52,7200,20,77,64,72,143,134,117,74,21,68,118,68,68,123,77,23,28,23,68,93,74,29,86,78,128,129,131,79,24,81,127,91,83,143,84,25,26,27,86,73,97,127,75,88,24,22,22,66,127,63,22,76,81,21,81,117,131,102,70,67,68,159,82,87,21,22,29,87,174,89,26,86,89,32,75,137,119,119,98,72,73,18,2,1,1,1,0,0,0,0,0,20,0,51,0,0,0,"no pay",15,1,NA,0,0.4,0.7,0,15,0,0,0,0,0,0,0,0,0,0,0,0,0,0,0,0,0,0,0,0,0,0,0,0,0,0,0,0,0,0,0,0,0,0,0,0,0,0,0
"72",223,0,0,0,113,0,0,0,0,0,0,0,1,14401,1,1,0,11.2187129449874,9700,9.16001797067894,0,0,0,1,21,21,0,0,1,0,1,0,1,441,0,1,0,0,0,0,0,0,1,2340,0,1,0,0,0,0,0,0,0,0,0,0,0,0,0,0,0,0,0,0,1,0,0,24,9700,30,85,58,64,129,125,112,86,26,82,163,68,99,96,95,25,22,32,69,84,80,39,103,106,95,109,143,89,27,71,124,123,84,120,86,55,59,40,122,112,95,125,63,70,26,26,21,74,126,74,31,67,78,26,112,104,127,137,65,81,81,130,124,109,45,37,30,81,152,79,35,109,89,43,60,130,129,153,124,82,78,24,2,5,1,1,0,0,0,0,0,30,0,20,0,0,0,"no pay",113,1,NA,0,0.4,0.7,0,113,0,0,0,0,0,0,0,0,0,0,0,0,0,0,0,0,0,0,0,0,0,0,0,0,0,0,0,0,0,0,0,0,0,0,0,0,0,0,0
"73",224,1,0,0,10,0,1,0,0,0,0,0,1,25631,1,1,0,11.4522402766374,94111.9468534365,9.37279873495761,NA,NA,NA,NA,42,42,0,0,1,0,0,1,0,1764,0,0,0,0,0,1,0,0,0,5610,0,0,0,0,1,0,0,0,0,0,0,0,0,0,1,0,0,0,0,0,0,0,0,52,12000,40,8,8,7,15,7,14,3,2,8,9,8,13,10,3,9,3,2,13,8,15,7,9,9,15,9,14,2,3,8,8,11,13,8,2,8,2,2,16,8,14,7,9,9,13,9,14,2,2,8,8,11,15,7,2,8,2,3,13,9,14,8,8,8,12,7,16,2,2,9,7,7,16,9,2,9,3,2,14,8,15,8,NA,1,1,1,0,1,1,0,0,40,0,51,0,0,0,"no pay",10,1,NA,0,0.4,0.7,0,10,0,0,0,0,0,0,0,0,0,0,0,0,0,0,0,0,0,0,0,0,0,0,0,0,0,0,0,0,0,0,0,0,0,0,0,0,0,0,0
"74",226,1,3,0,19,0.875,1,0,0,1,0,0,1,525,1,1,0,11.4522402766374,94111.9468534365,9.97893453852792,0,1,0,0,42,42,0,0,1,0,0,0,1,1764,0,0,1,0,0,1,0,0,0,5240,0,0,0,0,1,0,0,0,0,0,0,0,0,0,0,0,0,0,1,0,0,0,0,52,22000,35,8,9,7,15,7,15,2,2,7,8,8,15,11,3,10,3,2,14,8,17,8,9,8,14,9,14,2,3,9,8,11,15,7,3,8,2,3,18,8,15,9,10,10,13,9,14,3,3,9,9,12,15,7,3,8,3,3,13,10,15,8,9,8,14,7,17,3,2,8,8,8,13,8,2,9,3,2,15,8,15,8,2,1,1,1,0,1,1,0,0,35,0,51,0,0,0,"some pay, all weeks",22,2,NA,0,0.5,0.7,0,19,0,0,3,0,0,0,0,0,0,0,0,0,0,0,0,0,0,1628.84615384615,1628.84615384615,0,0,0,0,0,0,0,0,0,0,0,0,0,0,0,0,0,0,0,0
"75",228,1,0,0,0,0.375,0,0,0,0,0,0,0,49,1,0,1,12.8385346377573,376447.787413746,12.8385346377573,NA,NA,NA,NA,57,57,0,0,0,0,0,1,0,3249,0,0,0,1,0,0,0,0,0,120,1,0,0,0,0,0,0,0,0,0,0,0,0,0,0,0,0,1,0,0,0,0,0,52,384000,65,14,15,9,8,11,5,10,7,17,5,5,5,3,12,12,5,3,17,4,6,25,27,27,28,21,10,29,17,27,14,17,18,11,23,28,13,24,24,13,15,14,13,13,15,13,4,15,5,16,4,4,4,4,14,13,3,3,11,5,5,36,19,21,32,25,14,27,15,21,15,12,16,20,27,27,12,13,21,14,14,17,NA,1,1,1,0,0,0,0,0,65,0,51,0,0,0,"some pay, some weeks",0,0,0,1,0.7,0.7,0,0,0,0,0,0,0,0,0,0,0,0,0,0,0,0,0,0,0,0,0,0,0,0,0,0,0,0,0,0,0,0,0,0,0,0,0,0,0,0,0
"76",230,0,0,0,0,0,0,0,0,0,0,0,0,459,1,1,1,10.922132723322,55388.8020543663,9.80024274978455,0,0,0,1,25,25,0,0,0,0,1,0,1,625,0,1,0,0,0,0,0,0,1,5400,0,0,0,0,1,0,0,0,0,0,0,0,0,0,0,0,0,0,1,0,0,0,0,48,18400,20,20,33,43,20,20,19,5,18,31,21,36,28,5,21,6,21,24,6,21,6,26,7,5,20,19,22,34,22,6,21,7,7,29,20,37,18,20,29,20,34,25,6,6,20,21,20,39,23,7,19,6,6,31,21,34,19,20,33,21,36,20,34,38,19,19,18,7,17,29,19,39,30,6,20,6,21,21,7,22,6,21,2,2,1,1,0,0,0,0,0,20,0,48.5,0,0,0,"no pay",0,0,NA,0,0.4,0.7,0,0,0,0,0,0,0,0,0,0,0,0,0,0,0,0,0,0,0,0,0,0,0,0,0,0,0,0,0,0,0,0,0,0,0,0,0,0,0,0,0
"77",232,0,0,0,45,0,0,0,0,0,0,0,1,39,1,0,1,10.922132723322,55388.8020543663,9.48314679212647,NA,NA,NA,NA,55,55,0,0,0,0,0,1,0,3025,1,0,0,0,0,0,0,0,1,1050,0,1,0,0,0,0,0,0,0,0,0,0,0,0,0,0,0,0,1,0,0,0,0,40,13400,12,11,18,18,11,11,10,5,11,19,11,17,20,3,11,3,10,14,3,9,3,14,2,3,12,16,12,18,12,3,15,4,4,21,11,20,11,12,18,12,18,15,4,3,9,11,13,17,13,3,11,2,3,18,14,17,11,11,20,13,23,10,21,15,12,12,11,3,12,20,11,22,19,3,9,3,12,10,3,11,4,10,NA,3,1,2,0,0,0,0,0,12,0,43.5,0,0,0,"no pay",45,1,NA,0,0.4,0.7,0,45,0,0,0,0,0,0,0,0,0,0,0,0,0,0,0,0,0,0,0,0,0,0,0,0,0,0,0,0,0,0,0,0,0,0,0,0,0,0,0
"78",233,1,0,0,45,0,1,0,0,0,0,0,1,52,1,1,1,10.922132723322,55388.8020543663,10.0491387972012,0,0,0,1,49,49,0,0,0,0,0,0,1,2401,1,0,0,0,0,0,0,0,1,9120,0,0,0,0,0,0,0,0,0,1,0,0,0,0,0,1,0,0,0,0,0,0,0,46,23600,27,11,17,17,13,10,10,4,10,20,10,18,19,2,13,3,11,12,4,10,4,11,3,4,11,13,13,19,11,4,13,4,3,18,11,21,13,14,18,12,21,12,4,3,9,10,14,22,14,3,10,4,3,21,11,17,12,12,20,12,26,12,18,20,11,11,11,4,10,23,13,25,18,3,11,3,11,10,3,11,3,13,2,3,1,1,0,0,0,0,0,27,0,43.5,0,0,0,"no pay",45,1,NA,0,0.5,0.7,0,45,0,0,0,0,0,0,0,0,0,0,0,0,0,0,0,0,0,0,0,0,0,0,0,0,0,0,0,0,0,0,0,0,0,0,0,0,0,0,0
"79",234,1,23,0,0,0,1,0,0,1,0,0,0,39872,1,1,1,11.4204915783229,91170.9485142666,10.1459886231911,0,0,0,1,27,27,0,0,1,0,1,0,1,729,0,1,0,0,0,1,0,0,0,5700,0,0,0,0,1,0,0,0,0,0,0,0,0,0,0,0,0,0,0,1,0,0,0,52,26000,40,15,4,4,22,13,18,4,26,14,13,25,15,14,25,14,14,15,25,3,5,15,4,4,23,16,15,4,26,15,15,25,15,14,23,14,14,15,25,4,4,14,26,24,4,13,14,23,4,14,14,5,14,14,4,15,15,16,4,25,27,17,22,26,4,13,15,24,4,14,16,5,17,14,4,14,13,14,5,25,25,17,2,1,1,1,0,0,1,0,0,40,0,51,0,0,0,"no pay",23,1,NA,0,0.5,0.7,0,0,0,0,23,0,0,0,0,0,0,0,0,0,0,0,0,0,0,0,0,0,0,0,0,0,0,0,0,0,0,0,0,0,0,0,0,0,0,0,0
"80",235,0,0,0,0,0.5,0,0,0,0,0,0,0,91505,1,0,1,11.4204915783229,91170.9485142666,10.9309433530042,NA,NA,NA,NA,65,65,0,0,1,0,0,1,0,4225,0,0,1,0,0,1,0,0,0,800,1,0,0,0,0,0,0,0,0,0,0,0,0,0,0,0,0,1,0,0,0,0,0,52,57000,40,12,4,4,18,12,12,4,23,13,11,20,12,12,21,12,12,13,24,4,3,13,4,3,19,11,12,4,21,12,14,20,11,12,18,12,12,13,22,4,4,12,20,22,4,13,12,20,4,12,13,4,12,11,4,12,11,12,4,22,24,12,20,22,4,12,12,18,4,13,12,4,12,13,4,12,13,11,4,22,20,13,NA,1,1,1,0,0,1,0,0,40,0,51,0,0,0,"some pay, all weeks",0,0,NA,1,0.6,0.7,0,0,0,0,0,0,0,0,0,0,0,0,0,0,0,0,0,0,0,0,0,0,0,0,0,0,0,0,0,0,0,0,0,0,0,0,0,0,0,0,0
"81",236,0,3,0,23,0,1,0,0,1,0,0,1,24478,1,0,1,11.4204915783229,91170.9485142666,9.19047717816365,0,0,0,1,61,61,0,0,1,0,0,0,1,3721,0,1,0,0,0,1,0,0,0,5700,0,0,0,0,1,0,0,0,0,0,0,0,0,0,0,1,0,0,0,0,0,0,0,52,10000,10,12,3,4,18,12,13,4,21,11,11,19,10,11,20,11,13,13,21,3,4,13,4,3,19,11,11,4,18,12,12,19,11,12,20,11,11,12,21,4,3,11,17,20,3,10,12,19,3,10,12,3,11,11,3,11,11,12,3,20,21,12,20,20,3,12,12,18,4,12,11,3,12,12,3,11,11,10,3,21,20,13,NA,1,1,2,0,0,1,0,0,10,0,51,0,0,0,"no pay",26,2,NA,0,0.4,0.7,0,23,0,0,3,0,0,0,0,0,0,0,0,0,0,0,0,0,0,0,0,0,0,0,0,0,0,0,0,0,0,0,0,0,0,0,0,0,0,0,0
"82",238,0,135,0,0,0,1,0,0,1,0,0,0,2,2,1,1,11.136387327219,68623.2945806308,10.6945545749399,NA,NA,NA,NA,50,50,0,0,1,0,0,1,0,2500,0,0,0,0,0,1,0,0,0,6440,0,0,0,0,0,0,1,0,0,0,0,0,1,0,0,0,0,0,0,0,0,0,0,32,45000,40,12,13,12,4,13,18,4,4,16,17,13,19,12,21,10,13,10,3,11,3,23,12,14,4,12,17,3,3,24,10,10,20,12,22,12,12,13,3,13,3,18,11,12,4,11,23,4,3,17,12,14,18,10,23,11,11,11,3,14,3,22,10,11,3,11,21,3,4,20,10,10,24,12,24,13,13,15,4,10,4,23,NA,4,1,1,0,0,0,0,0,40,0,33,0,0,0,"no pay",135,1,NA,1,0.5,0.7,0,0,0,0,135,0,0,0,0,0,0,0,0,0,0,0,0,0,0,0,0,0,0,0,0,0,0,0,0,0,0,0,0,0,0,0,0,0,0,0,0
"83",241,0,0,0,0,0.5,1,0,0,0,0,0,0,2,1,0,0,10.3154067751491,30194.2496154776,8.7596942620712,0,1,0,0,52,52,0,1,0,0,0,0,1,2704,0,0,1,0,0,1,0,0,0,4760,0,0,0,1,0,0,0,0,0,0,0,0,0,0,1,0,0,0,0,0,0,0,0,26,6500,38,22,32,19,23,20,36,23,8,21,41,34,26,21,41,8,20,6,7,21,7,21,36,23,25,24,35,21,7,22,41,41,21,22,39,7,22,7,7,21,8,23,8,22,23,21,7,23,33,22,6,8,23,24,7,34,22,35,39,23,40,21,7,23,21,21,7,22,37,19,8,6,21,20,6,40,21,43,39,22,41,24,NA,5,1,1,0,1,0,0,0,38,0,20,0,0,0,"some pay, all weeks",0,0,NA,0,0.4,0.7,0,0,0,0,0,0,0,0,0,0,0,0,0,0,0,0,0,0,0,0,0,0,0,0,0,0,0,0,0,0,0,0,0,0,0,0,0,0,0,0,0
"84",243,0,0,0,0,1,0,0,0,0,0,0,0,6,1,0,0,11.3877017554999,88229.9501750967,10.6945545749399,NA,NA,NA,NA,42,42,0,0,1,0,0,1,0,1764,0,0,0,0,0,1,0,0,0,6050,0,0,0,0,0,1,0,0,0,0,1,0,0,0,0,0,0,0,0,0,0,0,0,52,45000,50,13,14,3,4,4,15,25,13,4,12,13,3,14,24,21,22,13,13,13,14,4,14,20,23,22,13,4,12,22,14,13,20,13,4,4,4,12,13,13,12,22,12,4,3,3,13,21,13,4,13,13,4,12,23,23,23,13,13,12,11,4,12,22,23,22,12,4,12,26,12,12,26,14,4,4,3,13,12,13,14,20,NA,1,1,1,0,2,0,0,0,50,0,51,0,0,0,"all pay, all weeks",0,0,NA,1,0.5,0.7,0,0,0,0,0,0,0,0,0,0,0,0,0,0,0,0,0,0,0,0,0,0,0,0,0,0,0,0,0,0,0,0,0,0,0,0,0,0,0,0,0
"85",246,0,3,0,0,0,1,0,0,1,0,0,0,20158,1,0,0,11.3877017554999,88229.9501750967,10.5767715392835,0,1,0,0,40,40,0,0,1,0,0,0,1,1600,0,0,0,0,0,1,0,0,0,3910,0,0,1,0,0,0,0,0,0,0,0,0,0,0,0,0,0,1,0,0,0,0,0,52,40000,45,13,15,3,4,3,15,25,13,4,12,14,4,14,23,22,24,14,14,13,14,4,15,20,23,22,13,4,13,22,12,13,23,12,5,4,4,13,15,12,13,24,12,4,3,3,13,22,14,4,13,15,4,12,23,25,24,14,13,13,13,4,12,23,25,23,13,3,12,23,14,14,21,14,3,4,3,13,13,15,13,20,2,1,1,1,0,2,0,0,0,45,0,51,0,0,0,"no pay",3,1,NA,1,0.5,0.7,0,0,0,0,3,0,0,0,0,0,0,0,0,0,0,0,0,0,0,0,0,0,0,0,0,0,0,0,0,0,0,0,0,0,0,0,0,0,0,0,0
"86",247,0,0,0,0,0,0,0,0,0,0,0,0,7,1,1,0,11.2187129449874,30000,10.2890894668318,0,0,0,1,60,60,0,1,1,0,0,0,1,3600,0,0,0,0,0,1,0,0,0,3600,0,0,1,0,0,0,0,0,0,0,0,0,0,0,0,0,0,0,0,1,0,0,0,52,30000,37,11,16,18,11,11,11,11,11,3,4,3,11,19,10,3,11,10,4,12,17,2,4,3,11,10,11,11,11,18,18,19,10,3,11,19,11,10,20,10,3,18,17,20,10,11,12,10,11,2,4,3,11,19,12,3,11,10,4,11,18,3,4,4,10,10,9,10,11,18,22,18,10,4,10,19,11,11,19,11,3,17,NA,1,2,1,0,0,0,0,0,37,0,51,0,0,0,"no pay",0,0,NA,1,0.5,0.7,0,0,0,0,0,0,0,0,0,0,0,0,0,0,0,0,0,0,0,0,0,0,0,0,0,0,0,0,0,0,0,0,0,0,0,0,0,0,0,0,0
"87",250,0,3,0,35,1,1,0,0,1,0,0,1,9,1,1,1,10.8805729936152,53134.0366610027,8.99202623943981,0,0,0,1,59,59,0,0,0,0,0,0,1,3481,0,1,0,0,0,1,0,0,0,4700,0,0,0,1,0,0,0,0,0,0,0,0,0,0,1,0,0,0,0,0,0,0,0,30,8200,40,9,9,3,9,10,17,2,16,18,10,10,2,3,15,9,11,10,16,10,9,3,9,3,10,9,17,3,15,17,9,10,2,3,17,9,10,9,16,9,11,17,8,18,9,9,2,15,3,3,10,10,17,17,3,10,9,9,3,9,9,17,10,15,9,10,3,14,3,3,9,9,16,15,3,9,9,9,3,10,10,3,NA,4,1,1,0,0,0,0,0,40,0,33,0,0,0,"all pay, all weeks",38,2,NA,0,0.4,0.7,0,35,0,0,3,0,0,0,0,0,0,0,0,0,0,0,0,0,0,2077.33333333333,2077.33333333333,0,0,0,0,0,0,0,0,0,0,0,0,0,0,0,0,0,0,0,0
"88",253,0,1,0,0,0.375,1,0,0,1,0,0,0,80315,1,1,0,10.1067679100378,24508.3194930824,10.1067679100378,0,1,0,0,46,46,0,0,0,1,0,0,1,2116,0,0,1,0,0,1,0,0,0,2710,0,1,0,0,0,0,0,0,0,0,0,0,0,0,0,0,1,0,0,0,0,0,0,52,25000,35,14,16,4,22,22,4,13,12,4,13,5,13,16,16,29,18,19,17,14,19,4,12,4,28,23,3,16,16,3,14,4,15,16,12,22,15,27,12,13,22,6,17,4,26,20,6,11,17,4,14,4,14,16,15,23,12,24,16,10,32,3,8,4,22,20,3,15,12,4,16,5,14,12,14,29,12,26,16,16,18,5,2,1,2,1,0,2,0,0,0,35,0,51,0,0,0,"some pay, all weeks",1,1,NA,0,0.5,0.7,0,0,0,0,1,0,0,0,0,0,0,0,0,0,0,0,0,0,0,36.0576923076923,36.0576923076923,0,0,0,0,0,0,0,0,0,0,0,0,0,0,0,0,0,0,0,0
"89",259,0,0,0,0,0,1,0,0,0,0,0,0,37,1,1,1,10.1854032697605,26513.3396877026,9.58766627400519,0,0,0,1,61,61,0,0,0,0,1,0,1,3721,1,0,0,0,0,1,0,0,0,8810,0,0,0,0,0,0,0,0,1,0,0,0,0,1,0,0,0,0,0,0,0,0,0,52,15000,30,31,47,29,28,26,51,29,10,31,55,57,32,32,47,10,34,9,9,33,11,28,10,33,30,32,9,34,52,32,10,9,27,31,8,48,29,46,49,40,57,29,9,32,29,32,9,29,54,33,11,9,30,28,8,49,29,60,54,35,59,32,54,36,29,28,52,33,8,34,55,51,33,28,46,10,32,11,9,34,8,28,NA,1,1,1,0,0,0,0,0,30,0,51,0,0,0,"no pay",0,0,NA,0,0.4,0.7,0,0,0,0,0,0,0,0,0,0,0,0,0,0,0,0,0,0,0,0,0,0,0,0,0,0,0,0,0,0,0,0,0,0,0,0,0,0,0,0,0
"90",260,0,0,0,0,0,1,0,0,0,0,0,0,110,1,1,0,11.2187129449874,10800,9.25916220703315,NA,NA,NA,NA,69,69,0,0,0,0,1,0,1,4761,0,0,0,0,1,0,0,0,0,8965,0,0,0,0,0,0,0,0,1,0,0,0,0,0,0,0,0,0,0,1,0,0,0,50,10800,30,19,16,0,17,17,38,36,0,0,41,19,0,42,35,21,18,0,13,21,23,12,20,44,19,20,0,0,35,33,0,21,21,0,0,18,25,32,22,15,14,19,19,27,24,16,0,0,36,41,0,11,47,0,0,14,13,34,18,22,16,15,28,0,17,20,45,34,0,0,30,23,0,31,27,22,24,0,22,14,21,23,NA,1,2,1,0,0.378571428571429,0.221428571428571,0,0,30,0,51,0,0,0,"no pay",0,0,NA,0,0.4,0.7,0,0,0,0,0,0,0,0,0,0,0,0,0,0,0,0,0,0,0,0,0,0,0,0,0,0,0,0,0,0,0,0,0,0,0,0,0,0,0,0,0
"91",263,0,0,0,0,0.625,1,0,0,0,0,0,0,55384,1,0,1,13.0699314787561,474459.470759034,12.8276510620836,NA,NA,NA,NA,59,59,0,0,1,0,0,1,0,3481,0,0,0,1,0,1,0,0,0,2100,0,1,0,0,0,0,0,0,0,0,0,0,0,0,0,0,0,1,0,0,0,0,0,52,383000,40,5,4,8,4,4,5,1,5,2,5,4,2,5,8,1,1,8,5,5,8,1,5,1,5,5,4,9,5,9,4,5,8,5,2,7,8,1,5,4,1,8,5,8,5,5,5,2,6,1,5,5,1,5,9,1,1,8,4,5,9,2,5,1,4,5,5,8,6,8,5,5,9,5,1,8,9,2,5,5,2,10,NA,1,1,1,0,0,0,0,0,40,0,51,0,0,0,"some pay, all weeks",0,0,NA,1,0.7,0.7,0,0,0,0,0,0,0,0,0,0,0,0,0,0,0,0,0,0,0,0,0,0,0,0,0,0,0,0,0,0,0,0,0,0,0,0,0,0,0,0,0
"92",265,1,0,0,0,0,1,0,0,0,0,0,0,13222,1,1,0,11.2187129449874,104000,11.5240069720444,NA,NA,NA,NA,35,35,0,0,1,0,0,1,0,1225,0,0,1,0,0,1,0,0,0,50,1,0,0,0,0,0,0,0,0,0,0,0,0,1,0,0,0,0,0,0,0,0,0,52,104000,45,12,20,4,20,11,4,3,3,11,16,3,12,11,13,12,18,19,12,12,12,10,3,19,3,12,21,21,22,12,3,18,13,11,11,12,3,4,12,12,12,12,3,18,3,14,18,23,20,12,3,22,13,11,11,11,4,4,9,11,10,10,21,4,20,12,4,3,3,11,19,4,10,12,11,13,20,20,10,12,13,10,NA,1,1,1,0,0,0,0,0,45,0,51,0,0,0,"no pay",0,0,NA,1,0.7,0.7,0,0,0,0,0,0,0,0,0,0,0,0,0,0,0,0,0,0,0,0,0,0,0,0,0,0,0,0,0,0,0,0,0,0,0,0,0,0,0,0,0
"93",266,1,0,0,68,0.125,0,0,0,0,0,0,1,46815,2,0,0,11.2187129449874,25000,10.0984918977712,0,0,0,1,30,30,0,0,1,0,0,0,1,900,0,0,1,0,0,0,0,0,1,5240,0,0,0,0,1,0,0,0,0,0,0,0,0,0,1,0,0,0,0,0,0,0,0,52,25000,40,19,9,20,26,7,5,32,18,15,42,18,38,18,20,17,7,38,7,16,19,30,5,14,30,7,9,22,21,33,26,20,26,16,20,17,6,21,6,18,21,23,9,15,24,6,7,36,17,22,33,14,31,20,21,25,11,20,4,21,20,27,4,22,43,5,7,29,18,13,33,29,35,19,19,21,6,13,6,21,16,26,2,1,1,1,1,0,0,0,0,40,0,51,0,0,0,"some pay, all weeks",68,1,NA,0,0.5,0.7,0,68,0,0,0,0,0,0,0,0,0,0,0,0,0,0,0,0,0,817.307692307692,817.307692307692,0,0,0,0,0,0,0,0,0,0,0,0,0,0,0,0,0,0,0,0
"94",267,0,0,0,0,0,0,0,0,0,0,0,0,34006,1,0,0,11.2187129449874,45000,10.6862785626733,NA,NA,NA,NA,32,32,0,0,1,0,0,1,0,1024,0,0,1,0,0,1,0,0,0,710,1,0,0,0,0,0,0,0,0,0,0,0,0,0,1,0,0,0,0,0,0,0,0,52,45000,40,37,11,32,61,13,11,77,44,40,67,36,60,34,35,31,9,44,15,40,38,67,12,30,49,12,9,58,35,40,60,34,57,32,46,39,10,32,14,46,33,52,14,47,68,10,11,76,40,40,60,31,63,38,28,46,16,42,9,33,39,66,9,43,69,11,11,54,41,33,51,38,63,39,32,42,13,34,10,33,30,60,NA,1,1,1,1,0,0,0,0,40,0,51,0,0,0,"no pay",0,0,NA,1,0.5,0.7,0,0,0,0,0,0,0,0,0,0,0,0,0,0,0,0,0,0,0,0,0,0,0,0,0,0,0,0,0,0,0,0,0,0,0,0,0,0,0,0,0
"95",269,0,23,0,0,0,0,0,0,1,0,0,0,72220,1,0,0,11.2187129449874,73000,11.1700755140514,0,0,0,1,50,50,0,0,1,0,0,0,1,2500,0,1,0,0,0,1,0,0,0,3255,0,1,0,0,0,0,0,0,0,0,0,0,0,0,0,0,0,0,0,1,0,0,0,52,73000,40,12,3,19,15,14,13,4,20,14,12,4,9,3,4,19,19,11,13,13,12,21,4,20,11,14,13,4,17,13,11,4,12,4,4,19,19,12,13,15,14,4,22,4,15,12,11,24,4,14,12,24,12,22,21,4,4,13,12,11,13,4,18,4,15,12,11,21,4,12,12,18,11,18,23,3,5,13,9,11,10,22,2,1,2,1,1,0,0,0,0,40,0,51,0,0,0,"no pay",23,1,NA,1,0.6,0.7,0,0,0,0,23,0,0,0,0,0,0,0,0,0,0,0,0,0,0,0,0,0,0,0,0,0,0,0,0,0,0,0,0,0,0,0,0,0,0,0,0
"96",274,1,0,0,0,0,1,0,0,0,0,0,0,790,1,1,0,10.7508170838109,46668.144664823,10.7508170838109,NA,NA,NA,NA,36,36,0,0,1,0,0,1,0,1296,0,1,0,0,0,1,0,0,0,1107,0,1,0,0,0,0,0,0,0,0,0,0,0,0,0,0,0,0,0,1,0,0,0,52,48000,40,13,4,10,20,13,21,3,10,19,22,14,12,11,13,12,3,12,18,3,12,19,20,11,4,12,3,18,13,3,4,13,14,13,13,13,18,13,4,19,12,20,21,14,3,12,3,17,11,3,4,12,12,13,12,12,17,10,4,18,12,3,4,12,21,12,18,3,13,20,19,13,11,13,13,14,4,14,20,4,13,4,NA,1,2,1,1,1,0,0,0,40,0,51,0,0,0,"no pay",0,0,NA,1,0.5,0.7,0,0,0,0,0,0,0,0,0,0,0,0,0,0,0,0,0,0,0,0,0,0,0,0,0,0,0,0,0,0,0,0,0,0,0,0,0,0,0,0,0
"97",275,0,0,0,0,1,0,0,0,0,0,0,0,121,1,1,0,10.7508170838109,46668.144664823,10.6862785626733,0,0,0,1,30,30,0,0,1,0,0,0,1,900,0,1,0,0,0,1,0,0,0,3255,0,1,0,0,0,0,0,0,0,0,0,0,0,0,0,0,0,0,0,1,0,0,0,52,45000,30,15,4,15,25,15,22,5,16,25,27,17,14,17,18,14,5,16,27,4,15,23,27,14,3,16,4,24,17,4,5,16,18,17,17,16,23,17,6,28,18,26,27,17,5,16,5,23,15,4,4,19,17,14,15,16,23,17,4,22,17,4,4,17,27,15,21,5,16,23,27,13,14,17,16,20,5,19,30,4,17,5,2,1,2,1,1,1,0,0,0,30,0,51,0,0,0,"all pay, all weeks",0,0,NA,1,0.5,0.7,0,0,0,0,0,0,0,0,0,0,0,0,0,0,0,0,0,0,0,0,0,0,0,0,0,0,0,0,0,0,0,0,0,0,0,0,0,0,0,0,0
"98",279,0,0,0,0,1,0,0,0,0,0,0,0,36090,1,0,0,11.7624179954893,128337.397828263,11.0384991562626,0,0,1,0,37,37,0,0,1,0,0,0,1,1369,0,0,1,0,0,1,0,0,0,430,1,0,0,0,0,0,0,0,0,0,0,0,0,0,0,0,1,0,0,0,0,0,0,52,64000,40,13,4,14,13,12,21,12,14,4,23,5,4,14,12,18,24,4,13,13,13,4,19,13,13,12,4,13,15,22,4,21,26,13,12,4,4,22,13,15,13,20,4,13,12,12,21,12,14,4,21,3,4,13,13,21,22,4,14,13,13,3,22,13,12,14,4,14,14,22,4,21,24,14,11,4,4,24,14,12,12,21,2,1,2,1,0,2,0,0,0,40,0,51,0,0,0,"all pay, all weeks",0,0,NA,1,0.6,0.7,0,0,0,0,0,0,0,0,0,0,0,0,0,0,0,0,0,0,0,0,0,0,0,0,0,0,0,0,0,0,0,0,0,0,0,0,0,0,0,0,0
"99",280,1,135,0,0,1,1,0,0,1,0,0,0,2,1,0,0,11.2187129449874,51000,10.8114417056273,0,0,0,1,59,59,0,1,1,0,0,0,1,3481,0,1,0,0,0,1,0,0,0,5700,0,0,0,0,1,0,0,0,0,0,0,0,0,0,0,0,0,0,0,1,0,0,0,52,51000,40,20,31,20,34,36,32,30,19,22,34,33,17,35,33,19,19,18,21,33,20,19,7,18,6,8,6,7,20,23,6,6,18,6,6,20,19,18,22,7,20,19,33,18,36,34,32,38,23,23,39,33,21,36,32,20,20,19,19,33,19,22,5,19,5,6,7,6,23,20,6,6,21,6,7,21,21,18,18,5,20,18,NA,1,2,1,0,0,0,0,0,40,0,51,0,0,0,"all pay, all weeks",135,1,NA,1,0.6,0.7,0,0,0,0,135,0,0,0,0,0,0,0,0,0,0,0,0,0,0,26480.7692307692,26480.7692307692,0,0,0,0,0,0,0,0,0,0,0,0,0,0,0,0,0,0,0,0
"100",286,0,0,0,0,1,1,0,0,0,0,0,0,97771,1,1,1,11.7080897974066,121551.071791587,11.4847862588911,NA,NA,NA,NA,55,55,0,0,1,0,0,1,0,3025,0,0,0,0,0,1,0,0,0,1550,0,1,0,0,0,0,0,0,0,0,0,0,0,0,0,0,0,1,0,0,0,0,0,52,100000,40,12,14,22,13,12,12,3,11,14,22,4,22,22,12,11,3,4,21,12,12,4,13,22,12,12,11,4,13,12,21,4,22,22,13,12,3,4,24,13,14,22,13,4,12,13,13,20,12,14,4,20,4,3,13,11,20,19,3,12,13,21,13,4,13,12,13,23,13,14,4,19,3,4,11,12,19,21,3,13,13,4,NA,1,1,1,0,0,0,0,0,40,0,51,0,0,0,"all pay, all weeks",0,0,NA,1,0.7,0.7,0,0,0,0,0,0,0,0,0,0,0,0,0,0,0,0,0,0,0,0,0,0,0,0,0,0,0,0,0,0,0,0,0,0,0,0,0,0,0,0,0
"101",288,0,0,0,0,0,1,0,0,0,0,0,0,87679,3,1,1,11.7080897974066,121551.071791587,9.97065852626129,0,0,0,1,46,46,0,0,1,0,0,0,1,2116,0,0,0,0,0,0,0,0,1,4220,0,0,1,0,0,0,0,0,0,0,0,0,0,0,0,0,0,0,1,0,0,0,0,52,22000,40,13,15,23,10,12,14,3,12,13,24,3,24,22,11,10,3,3,22,10,14,5,16,23,11,11,11,4,11,18,24,4,26,20,17,12,3,3,24,18,12,20,9,4,16,12,11,21,13,13,4,18,4,3,11,12,18,16,4,12,14,23,15,5,12,17,14,25,15,13,6,17,5,3,12,15,18,28,4,17,15,4,1,1,1,1,0,0,0,0,0,40,0,51,0,0,0,"no pay",0,0,NA,0,0.5,0.7,0,0,0,0,0,0,0,0,0,0,0,0,0,0,0,0,0,0,0,0,0,0,0,0,0,0,0,0,0,0,0,0,0,0,0,0,0,0,0,0,0
"102",291,0,0,0,0,1,1,0,0,0,0,0,0,89055,1,0,1,12.9049988382144,402318.297131328,12.8276510620836,NA,NA,NA,NA,35,35,0,0,1,0,0,1,0,1225,0,0,1,0,0,1,0,0,0,850,1,0,0,0,0,0,0,0,0,0,0,0,0,0,0,0,0,1,0,0,0,0,0,52,383000,40,12,12,4,11,20,12,4,5,11,14,3,21,11,26,19,10,19,3,11,11,10,11,4,11,21,12,4,3,11,14,5,20,13,22,20,13,27,3,12,14,20,14,4,15,21,11,4,3,10,15,3,17,12,21,14,11,20,3,11,10,14,14,3,13,19,12,5,3,10,13,5,20,12,20,21,14,21,4,12,12,12,NA,1,1,1,0,0,1,0,0,40,0,51,0,0,0,"all pay, all weeks",0,0,NA,1,0.7,0.7,0,0,0,0,0,0,0,0,0,0,0,0,0,0,0,0,0,0,0,0,0,0,0,0,0,0,0,0,0,0,0,0,0,0,0,0,0,0,0,0,0
"103",294,0,0,0,0,1,0,0,0,0,0,0,0,1,1,1,1,10.8499079864551,51529.4097340754,10.0576699032509,NA,NA,NA,NA,23,23,0,0,0,0,1,1,0,529,0,1,0,0,0,0,0,1,0,4020,0,0,1,0,0,0,0,0,0,0,0,0,0,0,0,0,0,0,0,0,1,0,0,52,24000,40,36,59,41,32,45,39,33,12,35,53,10,39,12,44,51,35,56,8,45,59,16,64,35,38,28,45,35,11,33,60,12,28,16,39,63,49,68,9,32,72,81,14,31,28,43,29,44,52,34,10,44,26,55,42,13,32,14,65,36,14,52,11,41,42,36,41,34,63,33,10,66,37,77,43,13,30,15,67,27,10,9,NA,1,1,1,0,0,0,0,0,40,0,51,0,0,0,"all pay, all weeks",0,0,NA,0,0.5,0.7,0,0,0,0,0,0,0,0,0,0,0,0,0,0,0,0,0,0,0,0,0,0,0,0,0,0,0,0,0,0,0,0,0,0,0,0,0,0,0,0,0
"104",295,1,0,0,35,0.5,0,0,0,0,0,0,1,4,1,1,1,10.8499079864551,51529.4097340754,9.36452272269098,0,0,0,1,21,21,0,0,0,0,1,0,1,441,1,0,0,0,0,0,0,1,0,4060,0,0,1,0,0,0,0,0,0,0,0,0,0,0,0,0,0,0,0,0,1,0,0,52,12000,24,34,56,49,38,32,31,26,13,31,45,13,36,8,37,53,31,53,10,37,48,13,61,44,25,37,34,31,10,28,44,11,41,13,30,41,40,50,8,33,60,54,13,43,27,36,33,36,38,27,11,51,29,51,38,19,36,9,50,32,10,51,8,38,36,24,42,35,51,29,10,60,28,60,36,16,27,11,61,36,9,13,2,1,1,1,0,0,0,0,0,24,0,51,0,0,0,"some pay, all weeks",35,1,NA,0,0.4,0.7,0,35,0,0,0,0,0,0,0,0,0,0,0,0,0,0,0,0,0,807.692307692308,807.692307692308,0,0,0,0,0,0,0,0,0,0,0,0,0,0,0,0,0,0,0,0
"105",296,0,0,0,45,1,1,0,0,0,0,0,1,77,1,1,1,10.8499079864551,51529.4097340754,9.71282941695919,0,0,0,1,54,54,0,0,0,0,1,0,1,2916,1,0,0,0,0,0,0,1,0,7800,0,0,0,0,0,0,0,0,1,0,0,0,0,0,0,0,0,0,0,0,1,0,0,52,17000,35,30,50,50,35,28,27,25,10,27,65,8,25,8,26,51,33,42,11,31,46,12,51,29,31,29,32,23,11,37,53,14,25,7,34,51,40,37,9,37,43,77,11,33,32,32,25,27,44,27,10,60,26,48,27,15,42,7,51,29,9,49,8,30,40,34,30,28,53,31,9,50,26,47,24,9,40,11,43,26,12,9,NA,1,1,1,0,0,0,0,0,35,0,51,0,0,0,"all pay, all weeks",45,1,NA,0,0.4,0.7,0,45,0,0,0,0,0,0,0,0,0,0,0,0,0,0,0,0,0,2942.30769230769,2942.30769230769,0,0,0,0,0,0,0,0,0,0,0,0,0,0,0,0,0,0,0,0
"106",298,0,0,0,0,0.875,0,0,0,0,0,0,0,88344,2,0,1,10.5853526440833,39551.2526034375,7.4674027378051,NA,NA,NA,NA,27,27,0,0,1,0,1,1,0,729,0,0,1,0,0,1,0,0,0,1920,0,1,0,0,0,0,0,0,0,0,0,0,0,1,0,0,0,0,0,0,0,0,0,9,1800,40,12,5,17,11,3,11,11,10,22,3,17,5,24,12,9,10,5,8,24,16,3,15,9,17,10,4,4,4,12,9,12,14,14,24,20,25,13,3,12,23,10,27,3,13,19,11,18,13,4,17,4,31,4,8,9,10,18,11,4,12,15,13,14,4,14,25,24,21,9,10,13,11,15,3,4,7,7,15,13,3,13,NA,6,1,1,0,0,0,0,0,40,0,7.5,0,0,0,"some pay, all weeks",0,0,NA,0,0.4,0.7,0,0,0,0,0,0,0,0,0,0,0,0,0,0,0,0,0,0,0,0,0,0,0,0,0,0,0,0,0,0,0,0,0,0,0,0,0,0,0,0,0
"107",299,0,0,0,0,0,1,0,0,0,0,0,0,8,1,0,1,10.5853526440833,39551.2526034375,9.44456543036451,NA,NA,NA,NA,56,56,0,0,0,0,0,1,0,3136,0,0,0,1,0,1,0,0,0,5240,0,0,0,0,1,0,0,0,0,0,0,0,0,0,0,0,0,1,0,0,0,0,0,12,13000,40,12,4,19,11,4,14,11,11,20,4,22,5,23,12,10,14,4,13,22,13,4,13,12,16,11,3,4,4,12,14,11,11,11,20,20,20,13,3,16,23,11,21,4,12,19,12,11,12,5,21,4,19,3,14,11,12,23,12,4,12,17,12,11,4,14,23,21,25,14,14,13,10,14,4,4,3,10,18,12,3,11,NA,6,1,1,0,0,0,0,0,40,0,7.5,0,0,0,"no pay",0,0,NA,0,0.4,0.7,0,0,0,0,0,0,0,0,0,0,0,0,0,0,0,0,0,0,0,0,0,0,0,0,0,0,0,0,0,0,0,0,0,0,0,0,0,0,0,0,0
"108",300,0,0,0,0,0,0,0,0,0,0,0,0,929,1,0,1,10.5853526440833,39551.2526034375,9.40534471721123,0,0,0,1,57,57,0,0,0,0,0,0,1,3249,0,0,1,0,0,1,0,0,0,5330,0,0,0,0,1,0,0,0,0,0,0,0,0,0,0,0,0,1,0,0,0,0,0,25,12500,25,11,3,17,9,3,13,12,10,20,3,21,3,20,12,10,12,4,11,18,13,3,11,12,17,11,4,4,3,12,12,10,12,11,19,17,20,13,2,14,21,12,20,2,10,18,12,10,11,4,18,3,17,3,12,11,10,20,10,3,13,16,11,13,4,13,22,21,23,11,12,14,10,13,4,3,4,11,16,10,3,11,NA,5,1,1,0,0,0,0,0,25,0,20,0,0,0,"no pay",0,0,NA,0,0.4,0.7,0,0,0,0,0,0,0,0,0,0,0,0,0,0,0,0,0,0,0,0,0,0,0,0,0,0,0,0,0,0,0,0,0,0,0,0,0,0,0,0,0
"109",301,1,0,0,0,1,0,0,0,0,0,0,0,93940,2,1,0,11.2187129449874,4500,8.38369346967925,NA,NA,NA,NA,21,21,0,0,1,0,1,0,1,441,0,0,1,0,0,0,0,0,1,2910,0,1,0,0,0,0,0,0,0,0,0,0,0,0,0,0,0,0,0,1,0,0,0,28,4500,10,15,27,14,15,27,14,16,29,27,29,27,15,28,15,27,15,15,14,15,29,2,2,15,16,2,14,15,3,2,2,2,15,2,15,2,15,14,16,16,3,2,2,15,15,2,15,14,2,2,2,2,15,2,15,3,15,16,15,14,3,28,29,15,15,27,16,15,26,27,26,28,14,26,16,27,15,15,14,15,27,28,2,4,1,1,0,0.378571428571429,0.221428571428571,0,0,10,0,33,0,0,0,"all pay, all weeks",0,0,NA,0,0.4,0.7,0,0,0,0,0,0,0,0,0,0,0,0,0,0,0,0,0,0,0,0,0,0,0,0,0,0,0,0,0,0,0,0,0,0,0,0,0,0,0,0,0
"110",305,0,0,0,15,0,0,0,0,0,0,0,1,5,1,0,0,10.0576699032509,23334.0723324115,10.0576699032509,0,0,1,0,30,30,0,0,0,0,1,0,1,900,1,0,0,0,0,0,0,0,1,4230,0,0,1,0,0,0,0,0,0,0,0,0,0,1,0,0,0,0,0,0,0,0,0,52,24000,40,33,30,56,58,62,40,28,30,33,35,9,10,12,31,54,36,9,40,38,10,57,34,59,62,57,33,35,32,35,29,10,11,9,34,51,36,11,36,31,11,11,29,12,10,11,40,34,37,34,31,60,53,59,30,8,32,44,34,34,50,12,36,11,8,9,33,37,35,37,34,55,58,56,39,9,34,56,38,32,63,51,2,1,1,1,0,3,0,0,0,40,0,51,0,0,0,"no pay",15,1,NA,0,0.5,0.7,0,15,0,0,0,0,0,0,0,0,0,0,0,0,0,0,0,0,0,0,0,0,0,0,0,0,0,0,0,0,0,0,0,0,0,0,0,0,0,0,0
"111",309,0,0,0,0,1,1,0,0,0,0,0,0,26,1,1,1,11.3432226945693,84391.5616022216,10.7916390783311,NA,NA,NA,NA,50,50,0,0,1,0,0,1,0,2500,0,1,0,0,0,1,0,0,0,4220,0,0,1,0,0,0,0,0,0,0,0,0,0,0,0,0,0,0,0,1,0,0,0,52,50000,40,9,3,13,8,8,3,13,10,7,15,11,10,14,8,7,9,14,3,2,3,16,8,9,12,3,9,8,2,3,9,13,16,10,2,19,2,9,8,10,8,7,3,15,9,8,3,16,9,8,15,9,8,15,9,8,9,16,3,3,2,14,10,8,14,3,8,8,3,3,9,15,14,8,3,16,2,8,10,8,8,7,NA,1,2,1,0,0,0,0,0,40,0,51,0,0,0,"all pay, all weeks",0,0,NA,1,0.6,0.7,0,0,0,0,0,0,0,0,0,0,0,0,0,0,0,0,0,0,0,0,0,0,0,0,0,0,0,0,0,0,0,0,0,0,0,0,0,0,0,0,0
"112",310,0,0,0,0,1,0,0,0,0,0,0,0,7,1,1,1,11.3432226945693,84391.5616022216,8.3147005981923,NA,NA,NA,NA,23,23,0,0,1,0,1,1,0,529,0,0,1,0,0,1,0,0,0,4020,0,0,1,0,0,0,0,0,0,0,0,0,0,0,0,0,0,0,0,0,1,0,0,52,4200,12,9,3,13,7,9,2,13,9,6,17,10,8,14,8,7,8,13,2,3,3,17,8,9,13,3,10,7,2,3,9,14,16,10,3,18,2,8,8,9,8,8,3,14,10,8,3,15,11,7,15,9,8,17,9,7,10,11,3,3,3,16,9,8,13,3,9,8,2,3,7,12,13,9,2,14,2,7,9,9,8,9,NA,1,1,1,0,0,0,0,0,12,0,51,0,0,0,"all pay, all weeks",0,0,NA,0,0.4,0.7,0,0,0,0,0,0,0,0,0,0,0,0,0,0,0,0,0,0,0,0,0,0,0,0,0,0,0,0,0,0,0,0,0,0,0,0,0,0,0,0,0
"113",311,0,0,0,0,0,1,0,0,0,0,0,0,70600,2,1,0,11.2187129449874,85000,11.3222673293933,NA,NA,NA,NA,35,35,0,0,1,0,1,1,0,1225,0,1,0,0,0,1,0,0,0,3255,0,1,0,0,0,0,0,0,0,0,0,0,0,0,0,0,0,0,0,1,0,0,0,52,85000,40,21,38,5,23,19,41,7,20,21,8,24,22,4,25,19,20,6,32,32,30,18,6,33,25,22,6,42,26,20,39,22,21,42,22,25,19,36,8,6,5,20,7,40,22,22,6,30,20,20,35,19,22,46,25,22,19,33,7,6,6,24,43,7,17,21,35,6,20,22,5,23,19,6,21,19,27,8,33,32,37,27,NA,1,1,1,0,0,0,0,0,40,0,51,0,0,0,"no pay",0,0,NA,1,0.6,0.7,0,0,0,0,0,0,0,0,0,0,0,0,0,0,0,0,0,0,0,0,0,0,0,0,0,0,0,0,0,0,0,0,0,0,0,0,0,0,0,0,0
"114",312,0,0,0,15,0,0,0,0,0,0,0,1,5,1,1,1,11.3032643822677,81085.90135513,10.1754529389073,NA,NA,NA,NA,66,66,0,0,0,0,0,1,0,4356,0,1,0,0,0,0,1,0,0,430,1,0,0,0,0,0,0,0,0,0,0,0,0,0,0,0,0,0,0,0,0,1,0,52,27000,40,18,9,26,7,15,23,15,15,18,27,27,5,15,23,4,10,21,28,30,14,21,19,29,18,30,9,5,5,7,40,25,25,6,31,19,18,27,19,16,28,8,31,6,35,16,21,19,16,18,17,7,35,18,24,29,32,30,7,6,17,21,14,21,15,5,30,25,34,38,6,22,19,24,6,17,18,4,22,19,6,25,NA,1,1,1,0,0,1,0,0,40,0,51,0,0,0,"no pay",15,1,NA,0,0.5,0.7,0,15,0,0,0,0,0,0,0,0,0,0,0,0,0,0,0,0,0,0,0,0,0,0,0,0,0,0,0,0,0,0,0,0,0,0,0,0,0,0,0
"115",313,0,0,0,90,0,0,0,0,0,0,0,1,16,1,1,1,11.3032643822677,81085.90135513,10.5119251755285,0,0,0,1,60,60,0,0,1,0,0,0,1,3600,1,0,0,0,0,0,1,0,0,8320,0,0,0,0,0,0,0,0,1,0,0,0,0,0,0,0,0,0,0,0,0,1,0,52,37800,40,21,11,35,5,18,27,18,19,21,24,33,6,17,23,6,11,19,34,31,18,25,33,35,19,40,11,6,4,6,44,32,31,7,40,20,24,31,20,17,33,11,32,9,32,15,25,23,25,25,22,9,41,23,22,36,43,25,7,7,20,21,18,22,20,7,31,35,35,40,8,20,23,29,8,15,21,5,22,22,8,46,NA,1,1,1,0,0,1,0,0,40,0,51,0,0,0,"no pay",90,1,NA,1,0.5,0.7,0,90,0,0,0,0,0,0,0,0,0,0,0,0,0,0,0,0,0,0,0,0,0,0,0,0,0,0,0,0,0,0,0,0,0,0,0,0,0,0,0
"116",320,1,0,0,0,1,1,0,0,0,0,0,0,7,1,1,0,11.3642364069256,86183.7054538899,8.760425016372,0,1,0,0,54,54,0,0,1,0,0,0,1,2916,0,1,0,0,0,1,0,0,0,4760,0,0,0,1,0,0,0,0,0,0,0,0,0,0,1,0,0,0,0,0,0,0,0,41,6600,16,10,10,12,3,16,13,11,3,12,9,17,12,12,3,19,21,11,21,11,3,12,3,3,13,10,3,16,9,19,18,11,17,3,12,9,10,3,11,20,10,19,11,11,20,3,10,10,17,13,11,3,12,11,18,3,3,14,3,12,19,11,17,19,11,10,23,3,12,3,2,9,4,21,11,11,12,19,10,3,9,4,NA,3,1,1,0,1,0,0,0,16,0,43.5,0,0,0,"all pay, all weeks",0,0,NA,0,0.4,0.7,0,0,0,0,0,0,0,0,0,0,0,0,0,0,0,0,0,0,0,0,0,0,0,0,0,0,0,0,0,0,0,0,0,0,0,0,0,0,0,0,0
"117",322,0,0,0,248,0,1,0,0,0,0,0,1,669,1,1,0,11.3642364069256,86183.7054538899,11.1908434808759,NA,NA,NA,NA,59,59,0,0,1,0,0,1,0,3481,0,0,0,0,0,1,0,0,0,4320,0,0,1,0,0,0,0,0,0,0,0,0,0,0,0,0,0,0,0,0,1,0,0,52,75000,50,12,13,11,3,18,13,11,4,13,10,20,13,13,3,19,22,11,21,14,3,12,3,4,14,11,3,18,12,19,20,13,19,4,12,10,11,4,13,22,11,21,12,13,22,3,13,11,19,14,12,4,11,11,21,3,3,13,3,12,21,11,19,20,12,10,22,4,14,4,3,10,3,22,12,11,13,21,12,4,10,3,NA,1,1,1,0,1,0,0,0,50,0,51,0,0,0,"no pay",248,1,NA,1,0.6,0.7,0,248,0,0,0,0,0,0,0,0,0,0,0,0,0,0,0,0,0,0,0,0,0,0,0,0,0,0,0,0,0,0,0,0,0,0,0,0,0,0,0
"118",324,0,0,0,0,1,1,0,0,0,0,0,0,744,1,1,1,10.9004911798683,54202.9806722335,10.6575450012579,NA,NA,NA,NA,53,53,0,0,1,0,0,1,0,2809,0,0,0,0,0,1,0,0,0,4220,0,0,1,0,0,0,0,0,0,0,0,0,0,0,0,0,0,0,0,1,0,0,0,52,44000,40,19,22,20,20,5,18,35,24,29,34,6,19,6,18,20,6,15,6,34,34,15,18,18,17,6,21,32,18,30,30,6,20,7,18,21,6,15,6,29,31,16,21,22,16,32,19,6,22,5,6,34,18,31,18,22,31,18,33,5,6,17,18,20,21,32,20,5,16,5,5,30,21,36,21,20,34,19,35,6,4,17,NA,1,2,1,0,0,0,0,0,40,0,51,0,0,0,"all pay, all weeks",0,0,NA,1,0.5,0.7,0,0,0,0,0,0,0,0,0,0,0,0,0,0,0,0,0,0,0,0,0,0,0,0,0,0,0,0,0,0,0,0,0,0,0,0,0,0,0,0,0
"119",327,0,0,0,0,0,1,0,0,0,0,0,0,69522,1,1,1,11.5080843555693,99517.0589882361,10.428703428829,NA,NA,NA,NA,50,50,0,0,1,0,0,1,0,2500,0,1,0,0,0,1,0,0,0,5810,0,0,0,0,1,0,0,0,0,0,0,0,0,1,0,0,0,0,0,0,0,0,0,52,35000,40,7,2,2,12,12,7,13,7,6,2,7,2,9,2,8,8,12,8,7,12,3,7,7,7,7,2,7,12,3,7,2,7,13,7,12,2,7,12,13,7,7,2,2,12,11,7,12,6,7,2,7,3,7,3,9,7,12,8,8,13,2,6,7,7,7,2,7,11,2,7,2,7,14,7,13,2,7,13,11,8,9,NA,1,1,1,0,0,0,0,0,40,0,51,0,0,0,"no pay",0,0,NA,1,0.5,0.7,0,0,0,0,0,0,0,0,0,0,0,0,0,0,0,0,0,0,0,0,0,0,0,0,0,0,0,0,0,0,0,0,0,0,0,0,0,0,0,0,0
"120",330,0,5,0,0,1,1,0,0,1,0,0,0,453,1,1,0,10.5266076438104,37294.7424946205,9.58140556844183,0,0,0,1,64,64,1,0,0,0,0,0,1,4096,0,0,0,0,0,1,0,0,0,4900,0,0,0,1,0,0,0,0,0,0,0,0,0,0,1,0,0,0,0,0,0,0,0,52,15000,24,21,6,22,25,20,19,8,27,18,34,40,5,7,32,19,6,29,35,17,21,17,41,20,29,20,22,36,19,18,5,7,33,30,6,20,40,5,6,20,19,19,32,19,19,23,24,30,21,25,7,6,38,38,6,20,34,5,5,19,20,20,6,19,22,22,24,6,17,21,30,35,6,6,39,18,5,38,40,26,20,18,NA,1,1,1,0,0,0,0,0,24,0,51,0,0,0,"all pay, all weeks",5,1,NA,0,0.4,0.7,0,0,0,0,5,0,0,0,0,0,0,0,0,0,0,0,0,0,0,288.461538461538,288.461538461538,0,0,0,0,0,0,0,0,0,0,0,0,0,0,0,0,0,0,0,0
"121",334,0,0,0,0,1,0,0,0,0,0,0,0,62132,1,0,0,11.9037932887321,147826.310924273,11.1908434808759,NA,NA,NA,NA,45,45,0,0,1,0,0,1,0,2025,0,0,1,0,0,1,0,0,0,5700,0,0,0,0,1,0,0,0,0,0,0,0,0,0,0,0,0,0,0,1,0,0,0,52,75000,40,14,14,14,14,4,15,23,14,4,5,16,13,4,28,12,22,23,12,25,4,13,13,13,18,4,13,18,11,4,4,13,13,3,25,16,26,24,14,24,4,14,14,14,15,26,13,4,14,23,24,15,12,24,4,12,4,4,12,4,20,12,15,12,15,23,14,4,13,18,22,13,14,23,5,15,4,4,14,6,26,12,NA,1,1,1,0,1,0,0,0,40,0,51,0,0,0,"all pay, all weeks",0,0,NA,1,0.6,0.7,0,0,0,0,0,0,0,0,0,0,0,0,0,0,0,0,0,0,0,0,0,0,0,0,0,0,0,0,0,0,0,0,0,0,0,0,0,0,0,0,0
"122",336,0,0,0,0,0,1,0,0,0,0,0,0,255,1,1,0,11.9037932887321,147826.310924273,11.1908434808759,0,1,0,0,41,41,0,0,1,0,0,0,1,1681,0,1,0,0,0,1,0,0,0,4010,0,0,1,0,0,0,0,0,0,0,0,0,0,0,0,0,0,0,0,1,0,0,0,52,75000,40,13,17,13,13,3,13,21,12,4,3,13,13,3,23,13,21,21,12,21,3,13,11,14,15,3,12,18,11,4,3,12,12,3,24,15,24,20,14,23,4,13,12,12,12,22,13,4,12,22,20,12,13,24,4,13,4,4,13,4,22,12,13,14,14,19,12,3,13,21,17,11,13,20,4,14,5,4,14,4,23,13,2,1,1,1,0,1,0,0,0,40,0,51,0,0,0,"no pay",0,0,NA,1,0.6,0.7,0,0,0,0,0,0,0,0,0,0,0,0,0,0,0,0,0,0,0,0,0,0,0,0,0,0,0,0,0,0,0,0,0,0,0,0,0,0,0,0,0
"123",340,0,0,0,19,1,0,0,0,0,0,0,1,33882,1,1,1,11.6895965234077,119323.852282011,10.9676999295617,0,0,0,1,50,50,0,0,1,0,0,0,1,2500,0,0,1,0,0,1,0,0,0,726,1,0,0,0,0,0,0,0,0,0,0,0,0,0,0,0,0,0,0,0,1,0,0,52,60000,45,9,2,3,2,10,9,9,11,9,15,14,17,10,3,10,18,11,11,17,10,17,15,14,16,10,9,9,10,11,2,2,3,9,19,9,3,9,10,3,11,18,14,14,16,10,10,8,10,11,3,3,2,10,17,9,3,10,11,3,10,3,3,2,3,10,11,7,11,9,17,15,16,11,3,9,16,9,10,16,10,2,2,1,2,1,0,0,0,0,0,45,0,51,0,0,0,"all pay, all weeks",19,1,NA,1,0.6,0.7,0,19,0,0,0,0,0,0,0,0,0,0,0,0,0,0,0,0,0,4384.61538461538,4384.61538461538,0,0,0,0,0,0,0,0,0,0,0,0,0,0,0,0,0,0,0,0
"124",341,1,0,0,0,1,0,0,0,0,0,0,0,304,1,0,1,11.6895965234077,119323.852282011,11.0164900937312,NA,NA,NA,NA,47,47,0,0,1,0,0,1,0,2209,0,0,0,1,0,1,0,0,0,430,1,0,0,0,0,0,0,0,0,0,0,0,0,0,0,0,0,0,0,0,1,0,0,52,63000,40,12,3,4,3,12,12,10,12,11,22,20,20,12,4,12,20,13,13,19,11,21,21,16,19,12,12,11,11,15,2,3,3,11,23,12,4,11,13,4,11,22,19,18,20,13,13,11,13,14,3,4,3,12,19,10,4,11,12,4,11,3,4,3,3,15,13,9,11,13,19,17,22,12,4,12,19,9,12,22,12,3,NA,1,2,1,0,0,0,0,0,40,0,51,0,0,0,"all pay, all weeks",0,0,NA,1,0.6,0.7,0,0,0,0,0,0,0,0,0,0,0,0,0,0,0,0,0,0,0,0,0,0,0,0,0,0,0,0,0,0,0,0,0,0,0,0,0,0,0,0,0
"125",347,0,10,0,0,0.625,0,0,0,1,0,0,0,169,1,0,0,11.2187129449874,10000,9.17594046033367,0,0,0,1,30,30,0,0,0,0,1,0,1,900,0,0,0,1,0,1,0,0,0,1300,0,1,0,0,0,0,0,0,0,0,0,0,0,0,0,0,0,0,1,0,0,0,0,20,10000,50,10,12,3,20,17,11,11,11,3,11,17,8,18,21,3,13,3,10,10,4,12,11,4,18,16,11,11,11,3,11,22,11,17,18,4,11,3,12,10,3,9,13,3,18,16,10,11,10,3,12,21,11,20,18,3,13,3,12,9,3,10,11,2,21,19,10,10,10,3,11,21,12,17,20,3,10,3,10,12,3,11,2,5,1,1,0,0,0,0,0,50,0,20,0,0,0,"some pay, all weeks",10,1,NA,0,0.4,0.7,0,0,0,0,10,0,0,0,0,0,0,0,0,0,0,0,0,0,0,625,625,0,0,0,0,0,0,0,0,0,0,0,0,0,0,0,0,0,0,0,0
"126",351,1,0,0,0,0,0,0,0,0,0,0,0,68594,1,1,1,10.9457950941737,56715.0617729074,10.428703428829,NA,NA,NA,NA,24,24,0,0,1,0,0,1,0,576,0,0,1,0,0,1,0,0,0,6660,0,0,0,0,0,0,1,0,0,0,0,0,0,0,0,0,0,0,1,0,0,0,0,52,35000,45,15,12,16,26,20,16,4,25,4,4,15,14,32,23,4,19,13,12,5,15,27,16,15,27,14,13,4,20,5,4,17,15,22,25,4,13,14,14,5,12,23,11,15,26,14,16,4,24,5,6,18,16,24,23,5,13,18,15,3,15,25,13,11,26,13,14,4,28,4,4,17,16,32,31,4,14,14,12,4,17,26,NA,1,1,1,0,0,0,0,0,45,0,51,0,0,0,"no pay",0,0,NA,1,0.5,0.7,0,0,0,0,0,0,0,0,0,0,0,0,0,0,0,0,0,0,0,0,0,0,0,0,0,0,0,0,0,0,0,0,0,0,0,0,0,0,0,0,0
"127",352,0,0,0,0,0,1,0,0,0,0,0,0,23960,1,1,1,10.9457950941737,56715.0617729074,10.0388304154807,0,0,0,1,25,25,0,0,1,0,0,0,1,625,0,0,1,0,0,1,0,0,0,2550,0,1,0,0,0,0,0,0,0,0,0,0,0,0,0,0,0,0,0,1,0,0,0,52,23700,35,17,15,17,32,21,17,5,27,6,5,18,15,32,32,5,18,20,18,6,18,26,18,16,32,20,19,4,28,6,5,19,18,26,29,5,18,18,16,5,17,26,15,15,31,18,15,5,35,6,6,21,18,30,31,5,15,19,17,5,18,29,14,16,33,17,18,7,38,5,5,18,16,31,33,5,20,16,18,6,18,33,2,1,2,1,0,0,0,0,0,35,0,51,0,0,0,"no pay",0,0,NA,0,0.5,0.7,0,0,0,0,0,0,0,0,0,0,0,0,0,0,0,0,0,0,0,0,0,0,0,0,0,0,0,0,0,0,0,0,0,0,0,0,0,0,0,0,0
"128",355,0,0,0,68,1,0,0,0,0,0,0,1,677,1,0,0,11.2187129449874,52000,10.824599085921,0,0,0,1,30,30,0,0,1,0,0,0,1,900,0,0,1,0,0,1,0,0,0,4700,0,0,0,1,0,0,0,0,0,0,0,0,0,0,1,0,0,0,0,0,0,0,0,52,52000,60,50,45,48,59,12,55,14,58,59,14,62,92,16,18,74,46,42,84,48,72,101,46,57,47,15,46,14,59,42,16,53,81,15,13,72,47,47,73,54,79,14,52,49,48,83,51,77,48,53,96,48,15,87,71,14,58,53,15,61,16,14,47,48,51,75,56,82,40,51,74,45,16,95,90,15,43,58,15,48,15,93,2,1,1,1,1,0,1,0,0,60,0,51,0,0,0,"all pay, all weeks",68,1,NA,1,0.6,0.7,0,68,0,0,0,0,0,0,0,0,0,0,0,0,0,0,0,0,0,13600,13600,0,0,0,0,0,0,0,0,0,0,0,0,0,0,0,0,0,0,0,0
"129",356,1,11,0,0,0,0,0,0,1,0,0,0,15780,1,0,0,11.2187129449874,33000,10.3698629288061,0,0,0,1,54,54,0,0,1,0,0,0,1,2916,0,0,0,0,0,1,0,0,0,350,1,0,0,0,0,0,0,0,0,0,0,0,0,0,0,0,0,0,0,1,0,0,0,52,33000,40,23,24,23,25,7,24,6,26,23,7,26,42,8,8,41,25,23,41,23,39,53,21,25,24,6,25,6,24,23,6,24,42,7,6,37,23,21,36,27,43,7,26,24,23,42,25,40,23,25,37,24,5,41,42,7,25,23,6,27,8,6,23,23,23,40,26,39,23,25,35,23,7,44,42,7,25,25,7,22,7,41,NA,1,1,1,1,0,1,0,0,40,0,51,0,0,0,"no pay",11,1,NA,1,0.5,0.7,1,0,0,0,1,0,0,1,0,6,0,0,0,6,0,0,0,6,380.769230769231,0,0,380.769230769231,0,0,1,1,0,0,380.769230769231,0,0,0,0,0,0,380.769230769231,1,0,0,0,0
"130",357,1,0,0,0,0,1,0,0,0,0,0,0,250,1,1,0,11.2187129449874,13000,9.43830472480116,NA,NA,NA,NA,67,67,0,0,0,0,0,1,0,4489,0,1,0,0,0,1,0,0,0,3420,0,1,0,0,0,0,0,0,0,0,0,0,0,0,1,0,0,0,0,0,0,0,0,52,13000,18,25,25,26,27,8,25,7,28,26,7,29,44,9,8,41,24,22,43,24,40,54,23,24,24,6,23,7,24,23,7,23,40,7,8,41,24,24,39,29,48,8,28,27,24,40,28,44,23,25,41,25,6,41,45,7,26,23,6,27,8,8,24,27,25,40,26,48,26,26,41,23,8,40,45,7,26,30,7,21,7,43,NA,1,1,1,1,0,1,0,0,18,0,51,0,0,0,"no pay",0,0,NA,0,0.4,0.7,0,0,0,0,0,0,0,0,0,0,0,0,0,0,0,0,0,0,0,0,0,0,0,0,0,0,0,0,0,0,0,0,0,0,0,0,0,0,0,0,0
"131",358,0,0,0,0,1,1,0,0,0,0,0,0,47107,1,0,0,11.6707974409748,117101.626692954,11.5273157174971,NA,NA,NA,NA,44,44,0,0,1,0,0,1,0,1936,0,0,1,0,0,0,0,0,1,430,1,0,0,0,0,0,0,0,0,0,0,0,0,0,0,0,0,1,0,0,0,0,0,52,105000,40,17,14,24,16,19,25,17,20,4,6,30,32,7,18,27,6,5,14,22,29,16,21,15,18,15,4,20,21,24,30,5,5,23,13,5,25,27,17,17,5,17,20,21,22,20,34,19,18,6,5,30,25,4,16,25,5,5,18,15,24,13,14,22,19,19,4,13,16,34,26,5,5,39,20,5,27,29,22,17,4,18,NA,1,1,1,0,2,0,0,0,40,0,51,0,0,0,"all pay, all weeks",0,0,NA,1,0.7,0.7,0,0,0,0,0,0,0,0,0,0,0,0,0,0,0,0,0,0,0,0,0,0,0,0,0,0,0,0,0,0,0,0,0,0,0,0,0,0,0,0,0
"132",369,0,0,0,2,0,0,0,0,0,0,0,1,682,1,0,1,11.0825156039903,65024.2531059057,10.2267620851654,NA,NA,NA,NA,32,32,0,0,1,0,1,1,0,1024,0,0,1,0,0,1,0,0,0,2810,0,1,0,0,0,0,0,0,0,0,0,0,0,0,0,0,1,0,0,0,0,0,0,52,28600,35,14,4,5,25,13,17,4,22,14,14,18,12,11,23,14,14,12,22,4,4,13,21,29,5,12,12,24,4,14,14,4,13,12,4,13,14,17,4,23,25,14,4,4,21,13,13,4,23,13,12,23,14,12,22,12,12,15,27,4,4,14,21,24,3,15,14,21,3,12,16,4,13,12,4,16,14,17,4,23,19,13,NA,1,1,1,0,0,0,0,0,35,0,51,0,0,0,"no pay",2,1,NA,0,0.5,0.7,0,2,0,0,0,0,0,0,0,0,0,0,0,0,0,0,0,0,0,0,0,0,0,0,0,0,0,0,0,0,0,0,0,0,0,0,0,0,0,0,0
"133",371,0,0,0,0,0,0,0,0,0,0,0,0,73738,1,1,0,11.2187129449874,6000,8.66511483656768,NA,NA,NA,NA,18,18,0,0,1,0,1,0,1,324,0,1,0,0,0,1,0,0,0,1010,0,1,0,0,0,0,0,0,0,0,0,0,0,0,0,0,1,0,0,0,0,0,0,45,6000,15,15,2,2,29,16,2,29,28,14,16,3,15,16,15,16,2,16,16,28,29,15,2,2,27,15,2,29,28,15,15,2,16,15,16,14,2,14,16,29,29,15,27,29,2,15,29,3,2,15,15,27,15,15,15,16,29,16,15,2,2,14,28,27,2,16,30,2,2,16,15,30,15,15,15,16,29,17,16,3,3,15,2,3,1,2,0,0.378571428571429,0.221428571428571,0,0,15,0,43.5,0,0,0,"no pay",0,0,NA,0,0.4,0.7,0,0,0,0,0,0,0,0,0,0,0,0,0,0,0,0,0,0,0,0,0,0,0,0,0,0,0,0,0,0,0,0,0,0,0,0,0,0,0,0,0
"134",375,0,0,0,0,0,0,0,0,0,0,0,0,36,2,1,0,11.1360352443809,68599.1377491725,9.86908764089361,1,0,0,0,24,24,0,1,0,0,0,0,1,576,0,0,0,0,0,0,0,0,1,4010,0,0,1,0,0,0,0,0,0,0,0,0,0,0,0,0,0,0,0,0,1,0,0,52,20000,40,43,29,73,53,29,48,44,30,47,22,23,44,45,57,45,50,58,39,39,23,63,18,54,29,51,67,28,23,25,25,22,66,55,54,53,51,51,48,60,14,38,22,38,31,53,86,44,18,41,18,23,45,59,74,62,45,77,50,30,29,53,14,49,54,30,51,45,28,41,15,21,50,54,47,33,63,49,40,63,26,37,2,1,1,1,0,1,0,0,0,40,0,51,0,0,0,"no pay",0,0,NA,0,0.5,0.7,0,0,0,0,0,0,0,0,0,0,0,0,0,0,0,0,0,0,0,0,0,0,0,0,0,0,0,0,0,0,0,0,0,0,0,0,0,0,0,0,0
"135",377,0,0,0,0,0,1,0,0,0,0,0,0,32,1,1,0,11.1360352443809,68599.1377491725,10.428703428829,NA,NA,NA,NA,26,26,0,1,1,0,0,1,0,676,0,0,0,0,0,1,0,0,0,6230,0,0,0,0,0,0,1,0,0,0,0,0,1,0,0,0,0,0,0,0,0,0,0,45,35000,40,56,22,59,39,46,95,53,16,46,15,19,77,47,75,58,56,91,80,72,20,54,16,53,56,54,86,45,22,56,17,18,103,55,100,71,58,92,83,87,14,51,13,63,48,61,99,55,27,45,20,20,89,79,73,58,75,85,62,97,22,52,24,55,48,49,94,49,18,75,16,14,54,50,79,59,50,71,49,64,20,39,NA,3,1,1,0,1,0,0,0,40,0,43.5,0,0,0,"no pay",0,0,NA,1,0.5,0.7,0,0,0,0,0,0,0,0,0,0,0,0,0,0,0,0,0,0,0,0,0,0,0,0,0,0,0,0,0,0,0,0,0,0,0,0,0,0,0,0,0
"136",378,0,0,0,0,1,0,0,0,0,0,0,0,36031,1,1,0,11.2187129449874,59000,10.9508928112453,0,0,0,1,72,72,0,1,1,0,0,0,1,5184,0,1,0,0,0,1,0,0,0,5240,0,0,0,0,1,0,0,0,0,0,0,0,0,0,0,0,0,1,0,0,0,0,0,52,59000,40,10,3,3,10,14,2,14,8,11,10,9,10,10,3,15,10,11,16,15,9,12,9,10,2,12,10,12,3,17,18,18,18,3,11,10,15,3,10,11,3,18,19,16,12,3,15,3,9,11,11,9,10,12,17,3,11,10,2,3,8,10,11,11,15,10,9,10,18,3,3,3,3,15,9,9,3,16,9,11,18,2,NA,1,1,1,0,0,1,0,0,40,0,51,0,0,0,"all pay, all weeks",0,0,NA,1,0.6,0.7,0,0,0,0,0,0,0,0,0,0,0,0,0,0,0,0,0,0,0,0,0,0,0,0,0,0,0,0,0,0,0,0,0,0,0,0,0,0,0,0,0
"137",379,0,0,0,0,0,0,0,0,0,0,0,0,27019,1,1,0,11.2187129449874,70000,11.121850609389,NA,NA,NA,NA,27,27,0,0,1,0,1,1,0,729,0,0,1,0,0,1,0,0,0,4700,0,0,0,1,0,0,0,0,0,0,0,0,0,0,1,0,0,0,0,0,0,0,0,52,70000,45,18,20,21,5,6,16,27,20,25,5,24,18,30,17,5,6,17,24,19,18,5,31,6,15,19,6,16,6,16,16,22,33,16,32,20,17,26,17,4,31,17,14,15,30,33,21,5,17,6,26,7,14,6,14,28,30,21,6,13,18,29,5,24,20,16,33,18,32,18,17,18,4,18,5,17,16,5,18,30,6,16,NA,1,1,1,0,0,0,0,0,45,0,51,0,0,0,"no pay",0,0,NA,1,0.6,0.7,0,0,0,0,0,0,0,0,0,0,0,0,0,0,0,0,0,0,0,0,0,0,0,0,0,0,0,0,0,0,0,0,0,0,0,0,0,0,0,0,0
"138",381,0,1,0,0,1,1,0,0,1,0,0,0,32447,1,0,0,11.2187129449874,54000,10.8623394139039,NA,NA,NA,NA,41,41,0,0,1,0,1,1,0,1681,0,0,0,1,0,1,0,0,0,3230,0,1,0,0,0,0,0,0,0,0,0,0,0,0,0,0,0,0,0,1,0,0,0,51,54000,40,13,3,14,23,3,4,20,15,13,21,13,23,14,13,11,4,13,4,12,15,4,19,14,4,19,22,4,12,11,4,13,3,13,13,13,23,11,22,11,12,4,23,11,4,19,23,4,11,13,3,15,4,13,11,11,23,13,23,12,14,26,4,14,20,4,3,22,13,13,20,12,23,15,14,12,4,13,4,13,12,21,NA,1,2,1,0,0,0,0,0,40,0,51,0,0,0,"all pay, all weeks",1,1,NA,1,0.6,0.7,0,0,0,0,1,0,0,0,0,0,0,0,0,0,0,0,0,0,0,211.764705882353,211.764705882353,0,0,0,0,0,0,0,0,0,0,0,0,0,0,0,0,0,0,0,0
"139",382,1,0,0,0,0,0,0,0,0,0,0,0,7,1,0,0,11.2187129449874,25000,10.0922311922078,0,0,0,1,27,27,0,0,1,0,1,0,1,729,0,1,0,0,0,1,0,0,0,3649,0,0,1,0,0,0,0,0,0,0,0,0,0,0,0,0,0,0,0,1,0,0,0,52,25000,30,14,13,22,13,13,12,23,20,25,6,15,4,15,12,13,4,3,21,14,5,19,5,10,6,7,27,13,19,12,12,17,11,28,3,5,18,11,14,19,15,21,10,21,15,15,13,24,20,19,5,15,7,10,12,14,3,4,19,15,5,10,5,15,6,6,27,13,19,12,15,26,12,22,4,5,15,14,12,18,11,34,2,1,1,1,0,0,0,0,0,30,0,51,0,0,0,"no pay",0,0,NA,0,0.5,0.7,0,0,0,0,0,0,0,0,0,0,0,0,0,0,0,0,0,0,0,0,0,0,0,0,0,0,0,0,0,0,0,0,0,0,0,0,0,0,0,0,0
"140",383,1,5,0,0,0,0,0,0,1,0,0,0,7,1,1,0,11.2187129449874,38000,10.510941527066,0,0,0,1,27,27,0,0,0,0,1,0,1,729,0,1,0,0,0,1,0,0,0,3640,0,0,1,0,0,0,0,0,0,0,0,0,0,0,0,0,0,0,0,1,0,0,0,52,38000,40,14,16,20,13,14,11,22,14,23,8,14,4,18,12,15,4,3,26,15,5,13,5,11,5,6,27,14,18,14,14,17,11,32,3,5,15,10,17,22,14,24,11,24,20,13,14,24,24,23,4,16,5,11,15,15,4,4,17,15,6,14,5,16,7,7,23,12,21,11,15,22,11,16,5,6,11,12,15,24,12,31,2,1,1,1,0,0,0,0,0,40,0,51,0,0,0,"no pay",5,1,NA,1,0.5,0.7,0,0,0,0,5,0,0,1,0,0,0,0,0,0,0,0,0,0,0,0,0,0,0,0,0,0,0,0,0,0,0,0,0,0,0,0,0,0,0,0,0
"141",384,0,0,0,0,0,0,0,0,0,0,0,0,24,2,1,0,11.2187129449874,30000,10.2745527490018,0,0,0,1,27,27,0,0,0,0,1,0,1,729,0,1,0,0,0,1,0,0,0,5400,0,0,0,0,1,0,0,0,0,0,0,0,0,0,0,0,0,0,0,1,0,0,0,52,30000,38,14,13,21,13,13,11,23,20,25,6,14,4,16,12,12,4,4,21,14,6,19,5,11,5,6,26,14,20,11,12,17,10,27,4,4,18,10,14,19,15,22,12,21,15,14,13,23,21,19,4,15,7,12,13,14,3,4,19,15,6,11,5,14,6,6,26,13,20,11,16,26,11,21,5,5,14,15,13,18,11,34,2,1,1,1,0,0,0,0,0,38,0,51,0,0,0,"no pay",0,0,NA,1,0.5,0.7,0,0,0,0,0,0,0,0,0,0,0,0,0,0,0,0,0,0,0,0,0,0,0,0,0,0,0,0,0,0,0,0,0,0,0,0,0,0,0,0,0
"142",386,0,0,0,0,1,0,0,0,0,0,0,0,434,1,1,1,11.4785255533277,96618.5038720739,9.17594046033367,NA,NA,NA,NA,76,76,0,0,1,0,0,1,0,5776,0,0,0,1,0,1,0,0,0,2100,0,1,0,0,0,0,0,0,0,0,0,0,0,0,0,0,0,0,1,0,0,0,0,52,10000,45,10,11,12,15,11,18,11,11,18,10,3,16,21,4,11,10,3,9,2,10,19,10,12,2,10,4,10,11,3,9,18,3,3,16,11,11,16,10,17,10,3,10,10,14,10,20,12,11,18,11,3,17,18,3,10,10,3,9,2,11,17,11,11,3,9,3,10,10,3,11,19,3,3,16,9,12,18,11,18,12,3,NA,1,1,1,0,0,2,0,0,45,0,51,0,0,0,"all pay, all weeks",0,0,NA,0,0.4,0.7,0,0,0,0,0,0,0,0,0,0,0,0,0,0,0,0,0,0,0,0,0,0,0,0,0,0,0,0,0,0,0,0,0,0,0,0,0,0,0,0,0
"143",387,0,1,0,0,0,0,0,0,1,0,0,0,6,1,0,0,11.2187129449874,26200,10.1391147781067,0,0,0,1,21,21,0,0,1,1,0,0,1,441,0,0,1,0,0,1,0,0,0,4720,0,0,0,1,0,0,0,0,0,0,0,0,0,0,1,0,0,0,0,0,0,0,0,52,26200,39,22,20,24,21,6,29,15,32,8,36,37,15,22,8,6,36,33,42,14,35,31,26,17,24,35,26,21,7,46,4,6,15,22,33,26,8,24,28,25,9,24,32,23,20,43,25,17,7,46,6,8,22,20,32,31,9,23,27,17,5,6,23,19,22,8,20,19,32,9,38,29,22,29,6,7,37,26,23,25,36,4,2,1,1,1,0,0,0,0,0,39,0,51,0,0,0,"no pay",1,1,NA,0,0.5,0.7,0,0,0,0,1,0,0,0,0,0,0,0,0,0,0,0,0,0,0,0,0,0,0,0,0,0,0,0,0,0,0,0,0,0,0,0,0,0,0,0,0
"144",388,0,0,0,0,1,1,0,0,0,0,0,0,52963,1,0,0,11.2187129449874,102000,11.4983281806239,0,0,0,1,36,36,0,1,1,0,0,0,1,1296,0,0,1,0,0,1,0,0,0,20,1,0,0,0,0,0,0,0,0,0,0,0,0,0,0,0,0,0,0,0,1,0,0,52,102000,50,36,29,29,39,14,40,30,60,10,72,60,36,29,11,11,65,40,44,36,56,53,37,36,45,65,39,28,10,76,10,13,28,27,60,49,11,37,40,35,12,50,30,33,33,62,51,36,15,56,10,13,35,32,59,61,12,35,41,29,9,8,35,36,36,11,41,33,59,12,59,57,32,45,11,14,48,35,47,33,53,10,2,1,1,1,0,0,0,0,0,50,0,51,0,0,0,"all pay, all weeks",0,0,NA,1,0.7,0.7,0,0,0,0,0,0,0,0,0,0,0,0,0,0,0,0,0,0,0,0,0,0,0,0,0,0,0,0,0,0,0,0,0,0,0,0,0,0,0,0,0
"145",389,1,0,0,0,0,1,0,0,0,0,0,0,3,1,1,1,13.0939455374394,485991.074476532,12.9088367998644,NA,NA,NA,NA,32,32,0,0,1,0,0,1,0,1024,0,0,1,0,0,1,0,0,0,430,1,0,0,0,0,0,0,0,0,0,0,0,0,0,1,0,0,0,0,0,0,0,0,52,418000,40,31,20,27,54,12,40,27,10,7,10,37,47,11,32,30,26,34,55,59,37,33,30,29,67,11,60,25,11,10,10,34,56,10,26,24,33,35,53,43,34,33,32,40,10,55,9,29,39,52,41,24,12,46,32,38,27,37,8,10,30,34,42,36,9,58,10,39,42,50,60,24,11,43,35,32,27,30,9,10,29,31,NA,1,1,1,0,0,0,0,0,40,0,51,0,0,0,"no pay",0,0,NA,1,0.7,0.7,0,0,0,0,0,0,0,0,0,0,0,0,0,0,0,0,0,0,0,0,0,0,0,0,0,0,0,0,0,0,0,0,0,0,0,0,0,0,0,0,0
"146",390,0,0,0,248,1,0,0,0,0,0,0,1,843,1,0,1,13.0939455374394,485991.074476532,11.3160066238299,0,0,0,1,30,30,0,0,1,0,0,0,1,900,0,0,0,1,0,1,0,0,0,1450,0,1,0,0,0,0,0,0,0,0,0,0,0,1,0,0,0,0,0,0,0,0,0,52,85000,45,38,32,32,51,13,59,38,12,10,10,39,63,11,39,37,35,36,58,74,43,37,44,32,89,11,63,32,13,12,14,40,70,11,37,36,59,41,64,47,33,40,46,49,15,69,10,36,53,63,56,26,11,55,35,43,34,46,11,13,42,42,44,43,12,70,11,37,61,67,69,34,11,49,43,38,30,35,13,11,34,36,2,1,1,1,0,0,0,0,0,45,0,51,0,0,0,"all pay, all weeks",248,1,NA,1,0.6,0.7,0,248,0,0,0,0,0,0,0,0,0,0,0,0,0,0,0,0,0,81076.9230769231,81076.9230769231,0,0,0,0,0,0,0,0,0,0,0,0,0,0,0,0,0,0,0,0
"147",393,0,0,0,20,0,0,0,0,0,0,0,1,89,1,1,0,11.2187129449874,5700,8.61382154218013,NA,NA,NA,NA,19,19,0,0,0,0,1,0,1,361,0,0,0,0,0,1,0,0,0,4720,0,0,0,1,0,0,0,0,0,0,0,0,0,0,1,0,0,0,0,0,0,0,0,52,5700,22,18,18,32,17,17,31,17,31,2,3,17,17,18,32,17,2,18,3,3,33,16,18,2,16,17,3,17,2,31,32,18,17,17,3,16,30,15,31,33,3,17,17,3,17,17,3,17,2,30,31,16,17,17,3,17,32,17,30,32,2,16,17,31,19,18,33,17,33,3,2,18,17,16,31,17,3,18,3,3,33,16,2,1,1,1,0,0.378571428571429,0.221428571428571,0,0,22,0,51,0,0,0,"no pay",20,1,NA,0,0.4,0.7,0,20,0,0,0,0,0,0,0,0,0,0,0,0,0,0,0,0,0,0,0,0,0,0,0,0,0,0,0,0,0,0,0,0,0,0,0,0,0,0,0
"148",395,0,0,0,0,1,1,0,0,0,0,0,0,87348,1,1,1,11.7347169586881,124831.107002719,11.4785255533277,NA,NA,NA,NA,68,68,0,0,1,0,0,1,0,4624,0,1,0,0,0,1,0,0,0,4850,0,0,0,1,0,0,0,0,0,0,0,0,0,1,0,0,0,0,0,0,0,0,0,52,100000,40,8,3,7,14,10,10,15,7,3,2,2,8,8,9,9,9,17,15,14,8,14,12,9,3,7,8,3,8,14,14,16,8,8,9,9,7,3,2,3,9,2,3,10,17,8,9,14,7,3,3,2,9,9,9,10,9,13,16,14,9,15,14,9,3,7,8,3,8,13,13,15,6,8,9,8,8,2,3,2,9,2,NA,1,1,1,0,0,1,0,0,40,0,51,0,0,0,"all pay, all weeks",0,0,NA,1,0.7,0.7,0,0,0,0,0,0,0,0,0,0,0,0,0,0,0,0,0,0,0,0,0,0,0,0,0,0,0,0,0,0,0,0,0,0,0,0,0,0,0,0,0
